shell dependency fresh: ouro-native-apple-app-shell@014cf09b21721987027dad19c7eaa50fb5d70566 (remote main 805ff2bece925c1ac6be759b338f4c35cc4d636e has no newer package-relevant shell changes)
app control deck ok
Shell boundary scanner selftest ok
Typed shell boundary scan ok: /private/tmp/ouro-md-reference-links-and-anchors-plan
Shell boundary scan ok: /tmp/ouro-md-reference-links-and-anchors-plan
shipped harness policy ok
vditor vendor manifest ok
release version ok: 0.9.85
release freshness: 0.9.85 is newer than latest release v0.9.84
release policy PR base selftest ok
release API fallback selftest ok
release package guard selftest ok
GraphQL: GitHub Actions is not permitted to create or approve pull requests (createPullRequest): pr create --repo ourostack/ouro-md --base main --head automation/ouro-md-refresh-shell-dependency --title Refresh shared shell dependency --body-file /var/folders/nh/3z0zcc3j0xs16ys7lkh3x80c0000gp/T/tmp.R57jdNadlT/body.md
## Shell dependency refresh needs a PR

The refresh branch was pushed successfully, but this workflow could not open or update the pull request automatically.

- Reason: creating refresh PR failed with exit 42: GraphQL: GitHub Actions is not permitted to create or approve pull requests (createPullRequest): pr create --repo ourostack/ouro-md --base main --head automation/ouro-md-refresh-shell-dependency --title Refresh shared shell dependency --body-file /var/folders/nh/3z0zcc3j0xs16ys7lkh3x80c0000gp/T/tmp.R57jdNadlT/body.md
- Branch: `automation/ouro-md-refresh-shell-dependency`
- Compare: https://github.com/ourostack/ouro-md/compare/main...automation/ouro-md-refresh-shell-dependency

Manual PR command:
```sh
gh pr create --repo "ourostack/ouro-md" --base main --head "automation/ouro-md-refresh-shell-dependency" --title "Refresh shared shell dependency" --fill
```
shell dependency watch selftest ok
live update runner selftest ok
app store resubmission selftest ok
release policy paths selftest ok
release policy scan ok
signing identity: not configured (allowed for unsigned/ad-hoc checks)
notarization credentials: not configured (allowed until release signing is required)
signing readiness ok
[0/1] Planning build
Building for debugging...
[0/3] Write swift-version--58304C5D6DBC2206.txt
Build complete! (0.43s)
==> swift test
[0/1] Planning build
Building for debugging...
[0/4] Write swift-version--58304C5D6DBC2206.txt
Build complete! (0.41s)
Test Suite 'All tests' started at 2026-08-24 21:48:53.672.
Test Suite 'ouro-mdPackageTests.xctest' started at 2026-08-24 21:48:53.674.
Test Suite 'AppDelegateLaunchTests' started at 2026-08-24 21:48:53.674.
Test Case '-[OuroMDTests.AppDelegateLaunchTests testOpensNewDocumentWhenNothingToRestore]' started.
Test Case '-[OuroMDTests.AppDelegateLaunchTests testOpensNewDocumentWhenNothingToRestore]' passed (0.001 seconds).
Test Case '-[OuroMDTests.AppDelegateLaunchTests testRestoresSessionWhenOneExistsAndNoDocumentOpened]' started.
Test Case '-[OuroMDTests.AppDelegateLaunchTests testRestoresSessionWhenOneExistsAndNoDocumentOpened]' passed (0.000 seconds).
Test Case '-[OuroMDTests.AppDelegateLaunchTests testSkipsFallbackWhenADocumentAlreadyOpened]' started.
Test Case '-[OuroMDTests.AppDelegateLaunchTests testSkipsFallbackWhenADocumentAlreadyOpened]' passed (0.000 seconds).
Test Suite 'AppDelegateLaunchTests' passed at 2026-08-24 21:48:53.675.
	 Executed 3 tests, with 0 failures (0 unexpected) in 0.001 (0.002) seconds
Test Suite 'AppDelegateWindowRoutingTests' started at 2026-08-24 21:48:53.675.
Test Case '-[OuroMDTests.AppDelegateWindowRoutingTests testApplicationOpenReusesCleanUntitledFrontWindowThenOpensNewWindows]' started.
Test Case '-[OuroMDTests.AppDelegateWindowRoutingTests testApplicationOpenReusesCleanUntitledFrontWindowThenOpensNewWindows]' passed (0.659 seconds).
Test Case '-[OuroMDTests.AppDelegateWindowRoutingTests testLinkedMarkdownDocumentOpensInAnotherWindowAndReusesIt]' started.
Test Case '-[OuroMDTests.AppDelegateWindowRoutingTests testLinkedMarkdownDocumentOpensInAnotherWindowAndReusesIt]' passed (0.397 seconds).
Test Case '-[OuroMDTests.AppDelegateWindowRoutingTests testLinkedMarkdownReportsUnreadableAfterSandboxGrant]' started.
Test Case '-[OuroMDTests.AppDelegateWindowRoutingTests testLinkedMarkdownReportsUnreadableAfterSandboxGrant]' passed (0.178 seconds).
Test Case '-[OuroMDTests.AppDelegateWindowRoutingTests testLinkedMarkdownRequestsSandboxAccessBeforeOpening]' started.
Test Case '-[OuroMDTests.AppDelegateWindowRoutingTests testLinkedMarkdownRequestsSandboxAccessBeforeOpening]' passed (0.283 seconds).
Test Case '-[OuroMDTests.AppDelegateWindowRoutingTests testPendingAnchorIsClearedWhenDocumentIdentityChanges]' started.
Test Case '-[OuroMDTests.AppDelegateWindowRoutingTests testPendingAnchorIsClearedWhenDocumentIdentityChanges]' passed (0.000 seconds).
Test Case '-[OuroMDTests.AppDelegateWindowRoutingTests testSaveAndRenameCommandsTargetKeyWindowOnly]' started.
Test Case '-[OuroMDTests.AppDelegateWindowRoutingTests testSaveAndRenameCommandsTargetKeyWindowOnly]' passed (0.439 seconds).
Test Case '-[OuroMDTests.AppDelegateWindowRoutingTests testSidebarAndThemeCommandsTargetKeyWindowOnly]' started.
Test Case '-[OuroMDTests.AppDelegateWindowRoutingTests testSidebarAndThemeCommandsTargetKeyWindowOnly]' passed (0.285 seconds).
Test Suite 'AppDelegateWindowRoutingTests' passed at 2026-08-24 21:48:55.918.
	 Executed 7 tests, with 0 failures (0 unexpected) in 2.241 (2.242) seconds
Test Suite 'AppModelDeletionTests' started at 2026-08-24 21:48:55.918.
Test Case '-[OuroMDTests.AppModelDeletionTests testDeletedFileSurfacesAsDeletedNotAsUnsavedEdit]' started.
Test Case '-[OuroMDTests.AppModelDeletionTests testDeletedFileSurfacesAsDeletedNotAsUnsavedEdit]' passed (0.847 seconds).
Test Case '-[OuroMDTests.AppModelDeletionTests testRecreatedFileClearsDeletedMarker]' started.
Test Case '-[OuroMDTests.AppModelDeletionTests testRecreatedFileClearsDeletedMarker]' passed (1.541 seconds).
Test Case '-[OuroMDTests.AppModelDeletionTests testTransientAtomicSaveGapIsNotFlaggedAsDeleted]' started.
Test Case '-[OuroMDTests.AppModelDeletionTests testTransientAtomicSaveGapIsNotFlaggedAsDeleted]' passed (1.753 seconds).
Test Suite 'AppModelDeletionTests' passed at 2026-08-24 21:49:00.058.
	 Executed 3 tests, with 0 failures (0 unexpected) in 4.140 (4.141) seconds
Test Suite 'AppModelDocumentTruthTests' started at 2026-08-24 21:49:00.059.
Test Case '-[OuroMDTests.AppModelDocumentTruthTests testDeletedAndRestoredFilesRefreshTruthWithoutMarkingGitCertainty]' started.
Test Case '-[OuroMDTests.AppModelDocumentTruthTests testDeletedAndRestoredFilesRefreshTruthWithoutMarkingGitCertainty]' passed (0.136 seconds).
Test Case '-[OuroMDTests.AppModelDocumentTruthTests testExternalReloadRefreshesTruthAfterAgentWritesFile]' started.
Test Case '-[OuroMDTests.AppModelDocumentTruthTests testExternalReloadRefreshesTruthAfterAgentWritesFile]' passed (0.149 seconds).
Test Case '-[OuroMDTests.AppModelDocumentTruthTests testTruthRefreshesAcrossWelcomeLoadDirtySaveRenameSaveAsAndNewDocument]' started.
Test Case '-[OuroMDTests.AppModelDocumentTruthTests testTruthRefreshesAcrossWelcomeLoadDirtySaveRenameSaveAsAndNewDocument]' passed (0.162 seconds).
Test Suite 'AppModelDocumentTruthTests' passed at 2026-08-24 21:49:00.507.
	 Executed 3 tests, with 0 failures (0 unexpected) in 0.448 (0.448) seconds
Test Suite 'AppModelReloadTests' started at 2026-08-24 21:49:00.507.
Test Case '-[OuroMDTests.AppModelReloadTests testAppearanceSelectionRemembersLightThemeAcrossModelRecreation]' started.
Test Case '-[OuroMDTests.AppModelReloadTests testAppearanceSelectionRemembersLightThemeAcrossModelRecreation]' passed (0.002 seconds).
Test Case '-[OuroMDTests.AppModelReloadTests testCleanPerformSaveCompletesWithoutRoundTripThroughEditor]' started.
Test Case '-[OuroMDTests.AppModelReloadTests testCleanPerformSaveCompletesWithoutRoundTripThroughEditor]' passed (0.286 seconds).
Test Case '-[OuroMDTests.AppModelReloadTests testCleanSaveDoesNotRoundTripThroughEditor]' started.
Test Case '-[OuroMDTests.AppModelReloadTests testCleanSaveDoesNotRoundTripThroughEditor]' passed (0.394 seconds).
Test Case '-[OuroMDTests.AppModelReloadTests testDirtyFormattingOnlySaveDoesNotRestoreOriginalBytes]' started.
Test Case '-[OuroMDTests.AppModelReloadTests testDirtyFormattingOnlySaveDoesNotRestoreOriginalBytes]' passed (0.765 seconds).
Test Case '-[OuroMDTests.AppModelReloadTests testEditorCrashRecoveryEmitsCompletionAfterRecoveredContentReachesBridge]' started.
Test Case '-[OuroMDTests.AppModelReloadTests testEditorCrashRecoveryEmitsCompletionAfterRecoveredContentReachesBridge]' passed (0.273 seconds).
Test Case '-[OuroMDTests.AppModelReloadTests testExternalEditBeforeEditorReadyQueuesReloadWithoutFalseCompletion]' started.
Test Case '-[OuroMDTests.AppModelReloadTests testExternalEditBeforeEditorReadyQueuesReloadWithoutFalseCompletion]' passed (0.491 seconds).
Test Case '-[OuroMDTests.AppModelReloadTests testExternalEditTriggersLiveReload]' started.
Test Case '-[OuroMDTests.AppModelReloadTests testExternalEditTriggersLiveReload]' passed (0.852 seconds).
Test Case '-[OuroMDTests.AppModelReloadTests testFailedDirtySaveAsRestoresPreviousURL]' started.
Test Case '-[OuroMDTests.AppModelReloadTests testFailedDirtySaveAsRestoresPreviousURL]' passed (3.382 seconds).
Test Case '-[OuroMDTests.AppModelReloadTests testFailedSaveAsRestoresPreviousURL]' started.
Test Case '-[OuroMDTests.AppModelReloadTests testFailedSaveAsRestoresPreviousURL]' passed (1.431 seconds).
Test Case '-[OuroMDTests.AppModelReloadTests testInitialUnreadableFileShowsErrorAndLoadsWelcome]' started.
Test Case '-[OuroMDTests.AppModelReloadTests testInitialUnreadableFileShowsErrorAndLoadsWelcome]' passed (0.133 seconds).
Test Case '-[OuroMDTests.AppModelReloadTests testInvalidFolderRegexSetsVisibleSearchError]' started.
Test Case '-[OuroMDTests.AppModelReloadTests testInvalidFolderRegexSetsVisibleSearchError]' passed (0.023 seconds).
Test Case '-[OuroMDTests.AppModelReloadTests testOpenFailureTelemetryIsCoarse]' started.
Test Case '-[OuroMDTests.AppModelReloadTests testOpenFailureTelemetryIsCoarse]' passed (0.019 seconds).
Test Case '-[OuroMDTests.AppModelReloadTests testOwnSaveDoesNotSelfReload]' started.
Test Case '-[OuroMDTests.AppModelReloadTests testOwnSaveDoesNotSelfReload]' passed (1.886 seconds).
Test Case '-[OuroMDTests.AppModelReloadTests testRenameCaseOnlyIsAllowed]' started.
Test Case '-[OuroMDTests.AppModelReloadTests testRenameCaseOnlyIsAllowed]' passed (0.382 seconds).
Test Case '-[OuroMDTests.AppModelReloadTests testRenameMovesFileAndRetargetsModel]' started.
Test Case '-[OuroMDTests.AppModelReloadTests testRenameMovesFileAndRetargetsModel]' passed (0.384 seconds).
Test Case '-[OuroMDTests.AppModelReloadTests testRenameRefusesCollision]' started.
Test Case '-[OuroMDTests.AppModelReloadTests testRenameRefusesCollision]' passed (0.334 seconds).
Test Case '-[OuroMDTests.AppModelReloadTests testRenameWithoutExtensionKeepsOriginal]' started.
Test Case '-[OuroMDTests.AppModelReloadTests testRenameWithoutExtensionKeepsOriginal]' passed (0.402 seconds).
Test Case '-[OuroMDTests.AppModelReloadTests testSaveAsCleanDocumentWritesNewDestination]' started.
Test Case '-[OuroMDTests.AppModelReloadTests testSaveAsCleanDocumentWritesNewDestination]' passed (0.897 seconds).
Test Case '-[OuroMDTests.AppModelReloadTests testSaveAsCleanNonUTF8DocumentCopiesOriginalBytes]' started.
Test Case '-[OuroMDTests.AppModelReloadTests testSaveAsCleanNonUTF8DocumentCopiesOriginalBytes]' passed (1.032 seconds).
Test Case '-[OuroMDTests.AppModelReloadTests testSaveAsDirtyDocumentWritesEditorBuffer]' started.
Test Case '-[OuroMDTests.AppModelReloadTests testSaveAsDirtyDocumentWritesEditorBuffer]' passed (1.543 seconds).
Test Case '-[OuroMDTests.AppModelReloadTests testSaveBeforeEditorReadyDoesNotEmptyFile]' started.
Test Case '-[OuroMDTests.AppModelReloadTests testSaveBeforeEditorReadyDoesNotEmptyFile]' passed (0.995 seconds).
Test Case '-[OuroMDTests.AppModelReloadTests testSaveWhenEditorValueUnavailableEmitsCoarseTelemetry]' started.
Test Case '-[OuroMDTests.AppModelReloadTests testSaveWhenEditorValueUnavailableEmitsCoarseTelemetry]' passed (1.316 seconds).
Test Case '-[OuroMDTests.AppModelReloadTests testSaveWithoutBridgeEmitsCoarseTelemetry]' started.
Test Case '-[OuroMDTests.AppModelReloadTests testSaveWithoutBridgeEmitsCoarseTelemetry]' passed (1.560 seconds).
Test Case '-[OuroMDTests.AppModelReloadTests testSearchSnippetClickRevealsCurrentFileMatch]' started.
Test Case '-[OuroMDTests.AppModelReloadTests testSearchSnippetClickRevealsCurrentFileMatch]' passed (1.387 seconds).
Test Case '-[OuroMDTests.AppModelReloadTests testSearchSnippetRevealUsesTrimmedQueryForPaddedFolderSearch]' started.
Test Case '-[OuroMDTests.AppModelReloadTests testSearchSnippetRevealUsesTrimmedQueryForPaddedFolderSearch]' passed (1.132 seconds).
Test Suite 'AppModelReloadTests' passed at 2026-08-24 21:49:21.812.
	 Executed 25 tests, with 0 failures (0 unexpected) in 21.301 (21.305) seconds
Test Suite 'CommandPaletteCatalogTests' started at 2026-08-24 21:49:21.812.
Test Case '-[OuroMDAppSupportTests.CommandPaletteCatalogTests testCatalogCarriesShortcutMetadataForPowerUserDiscovery]' started.
Test Case '-[OuroMDAppSupportTests.CommandPaletteCatalogTests testCatalogCarriesShortcutMetadataForPowerUserDiscovery]' passed (0.001 seconds).
Test Case '-[OuroMDAppSupportTests.CommandPaletteCatalogTests testCatalogFiltersByMultipleTermsShortcutAliasesAndLimits]' started.
Test Case '-[OuroMDAppSupportTests.CommandPaletteCatalogTests testCatalogFiltersByMultipleTermsShortcutAliasesAndLimits]' passed (0.005 seconds).
Test Case '-[OuroMDAppSupportTests.CommandPaletteCatalogTests testCatalogHonorsResultLimit]' started.
Test Case '-[OuroMDAppSupportTests.CommandPaletteCatalogTests testCatalogHonorsResultLimit]' passed (0.000 seconds).
Test Case '-[OuroMDAppSupportTests.CommandPaletteCatalogTests testCatalogIncludesDocumentTruthCommands]' started.
Test Case '-[OuroMDAppSupportTests.CommandPaletteCatalogTests testCatalogIncludesDocumentTruthCommands]' passed (0.001 seconds).
Test Case '-[OuroMDAppSupportTests.CommandPaletteCatalogTests testCatalogIncludesThemeCommandsFromDescriptors]' started.
Test Case '-[OuroMDAppSupportTests.CommandPaletteCatalogTests testCatalogIncludesThemeCommandsFromDescriptors]' passed (0.000 seconds).
Test Suite 'CommandPaletteCatalogTests' passed at 2026-08-24 21:49:21.819.
	 Executed 5 tests, with 0 failures (0 unexpected) in 0.006 (0.007) seconds
Test Suite 'CommandPaletteTests' started at 2026-08-24 21:49:21.819.
Test Case '-[OuroMDTests.CommandPaletteTests testCatalogCarriesShortcutMetadataForPowerUserDiscovery]' started.
Test Case '-[OuroMDTests.CommandPaletteTests testCatalogCarriesShortcutMetadataForPowerUserDiscovery]' passed (0.000 seconds).
Test Case '-[OuroMDTests.CommandPaletteTests testCatalogFiltersByMultipleTermsAndLimitsDefaultSuggestions]' started.
Test Case '-[OuroMDTests.CommandPaletteTests testCatalogFiltersByMultipleTermsAndLimitsDefaultSuggestions]' passed (0.004 seconds).
Test Case '-[OuroMDTests.CommandPaletteTests testCatalogIncludesEditorMenuCommandsWithoutShortcuts]' started.
Test Case '-[OuroMDTests.CommandPaletteTests testCatalogIncludesEditorMenuCommandsWithoutShortcuts]' passed (0.000 seconds).
Test Case '-[OuroMDTests.CommandPaletteTests testDocumentTruthCommandsCopyAndRevealCurrentFile]' started.
Test Case '-[OuroMDTests.CommandPaletteTests testDocumentTruthCommandsCopyAndRevealCurrentFile]' passed (0.421 seconds).
Test Case '-[OuroMDTests.CommandPaletteTests testDocumentTruthCommandsFailHonestlyWithoutCurrentFileOrRepository]' started.
Test Case '-[OuroMDTests.CommandPaletteTests testDocumentTruthCommandsFailHonestlyWithoutCurrentFileOrRepository]' passed (0.000 seconds).
Test Case '-[OuroMDTests.CommandPaletteTests testPaletteDispatchesFormatModeSidebarAndThemeActions]' started.
Test Case '-[OuroMDTests.CommandPaletteTests testPaletteDispatchesFormatModeSidebarAndThemeActions]' passed (0.002 seconds).
Test Case '-[OuroMDTests.CommandPaletteTests testPaletteVisibilityAndFindCommandsResetQuery]' started.
Test Case '-[OuroMDTests.CommandPaletteTests testPaletteVisibilityAndFindCommandsResetQuery]' passed (0.000 seconds).
Test Suite 'CommandPaletteTests' passed at 2026-08-24 21:49:22.248.
	 Executed 7 tests, with 0 failures (0 unexpected) in 0.428 (0.429) seconds
Test Suite 'ContentSearcherTests' started at 2026-08-24 21:49:22.248.
Test Case '-[OuroMDTests.ContentSearcherTests testAppModelPublishesSearchCancelAndFormatsSkippedFileUXState]' started.
Test Case '-[OuroMDTests.ContentSearcherTests testAppModelPublishesSearchCancelAndFormatsSkippedFileUXState]' passed (1.441 seconds).
Test Case '-[OuroMDTests.ContentSearcherTests testBinaryAndUnreadableMarkdownFilesAreSkippedWithoutLeakingPaths]' started.
Test Case '-[OuroMDTests.ContentSearcherTests testBinaryAndUnreadableMarkdownFilesAreSkippedWithoutLeakingPaths]' passed (1.969 seconds).
Test Case '-[OuroMDTests.ContentSearcherTests testCaseSensitiveOption]' started.
Test Case '-[OuroMDTests.ContentSearcherTests testCaseSensitiveOption]' passed (1.656 seconds).
Test Case '-[OuroMDTests.ContentSearcherTests testInvalidRegularExpressionReportsValidationError]' started.
Test Case '-[OuroMDTests.ContentSearcherTests testInvalidRegularExpressionReportsValidationError]' passed (1.487 seconds).
Test Case '-[OuroMDTests.ContentSearcherTests testMatchOrdinalCountsEarlierOccurrencesOnSameLine]' started.
Test Case '-[OuroMDTests.ContentSearcherTests testMatchOrdinalCountsEarlierOccurrencesOnSameLine]' passed (1.611 seconds).
Test Case '-[OuroMDTests.ContentSearcherTests testSearchCanBeCancelledBeforeCompletion]' started.
Test Case '-[OuroMDTests.ContentSearcherTests testSearchCanBeCancelledBeforeCompletion]' passed (1.962 seconds).
Test Case '-[OuroMDTests.ContentSearcherTests testStreamsRankedResultsWithSnippets]' started.
Test Case '-[OuroMDTests.ContentSearcherTests testStreamsRankedResultsWithSnippets]' passed (1.399 seconds).
Test Case '-[OuroMDTests.ContentSearcherTests testTruncatedSnippetKeepsSourceCoordinates]' started.
Test Case '-[OuroMDTests.ContentSearcherTests testTruncatedSnippetKeepsSourceCoordinates]' passed (1.217 seconds).
Test Suite 'ContentSearcherTests' passed at 2026-08-24 21:49:34.992.
	 Executed 8 tests, with 0 failures (0 unexpected) in 12.742 (12.743) seconds
Test Suite 'DocumentLinkTests' started at 2026-08-24 21:49:34.992.
Test Case '-[OuroMDAppSupportTests.DocumentLinkTests testAbsoluteAndFileMarkdownTargetsAreSupported]' started.
Test Case '-[OuroMDAppSupportTests.DocumentLinkTests testAbsoluteAndFileMarkdownTargetsAreSupported]' passed (0.001 seconds).
Test Case '-[OuroMDAppSupportTests.DocumentLinkTests testAnchorsAndUnsupportedTargetsDoNotBecomeFiles]' started.
Test Case '-[OuroMDAppSupportTests.DocumentLinkTests testAnchorsAndUnsupportedTargetsDoNotBecomeFiles]' passed (0.001 seconds).
Test Case '-[OuroMDAppSupportTests.DocumentLinkTests testExternalWebAndMailSchemesStayExternal]' started.
Test Case '-[OuroMDAppSupportTests.DocumentLinkTests testExternalWebAndMailSchemesStayExternal]' passed (0.000 seconds).
Test Case '-[OuroMDAppSupportTests.DocumentLinkTests testRelativeMarkdownResolvesBesideCurrentDocument]' started.
Test Case '-[OuroMDAppSupportTests.DocumentLinkTests testRelativeMarkdownResolvesBesideCurrentDocument]' passed (0.001 seconds).
Test Suite 'DocumentLinkTests' passed at 2026-08-24 21:49:34.995.
	 Executed 4 tests, with 0 failures (0 unexpected) in 0.002 (0.003) seconds
Test Suite 'DocumentTruthTests' started at 2026-08-24 21:49:34.995.
Test Case '-[OuroMDAppSupportTests.DocumentTruthTests testDefaultFileExistenceProbeWorksForExistingFiles]' started.
Test Case '-[OuroMDAppSupportTests.DocumentTruthTests testDefaultFileExistenceProbeWorksForExistingFiles]' passed (0.675 seconds).
Test Case '-[OuroMDAppSupportTests.DocumentTruthTests testDiffCommandsMatchTheVisibleGitState]' started.
Test Case '-[OuroMDAppSupportTests.DocumentTruthTests testDiffCommandsMatchTheVisibleGitState]' passed (0.001 seconds).
Test Case '-[OuroMDAppSupportTests.DocumentTruthTests testGitUnavailableIsDifferentFromLocalNonRepositoryFile]' started.
Test Case '-[OuroMDAppSupportTests.DocumentTruthTests testGitUnavailableIsDifferentFromLocalNonRepositoryFile]' passed (0.000 seconds).
Test Case '-[OuroMDAppSupportTests.DocumentTruthTests testMissingOrUnreadableFileFallsBackWithoutGitCertainty]' started.
Test Case '-[OuroMDAppSupportTests.DocumentTruthTests testMissingOrUnreadableFileFallsBackWithoutGitCertainty]' passed (0.000 seconds).
Test Case '-[OuroMDAppSupportTests.DocumentTruthTests testRealGitClassifiesNestedTrackedModifiedFile]' started.
Test Case '-[OuroMDAppSupportTests.DocumentTruthTests testRealGitClassifiesNestedTrackedModifiedFile]' passed (7.809 seconds).
Test Case '-[OuroMDAppSupportTests.DocumentTruthTests testRepositoryMismatchAndStatusFailureFallBackHonestly]' started.
Test Case '-[OuroMDAppSupportTests.DocumentTruthTests testRepositoryMismatchAndStatusFailureFallBackHonestly]' passed (0.000 seconds).
Test Case '-[OuroMDAppSupportTests.DocumentTruthTests testShellEscapesDiffCommandComponents]' started.
Test Case '-[OuroMDAppSupportTests.DocumentTruthTests testShellEscapesDiffCommandComponents]' passed (0.000 seconds).
Test Case '-[OuroMDAppSupportTests.DocumentTruthTests testThrownSubcommandsAndRepositoryRootFilePathAreCovered]' started.
Test Case '-[OuroMDAppSupportTests.DocumentTruthTests testThrownSubcommandsAndRepositoryRootFilePathAreCovered]' passed (0.000 seconds).
Test Case '-[OuroMDAppSupportTests.DocumentTruthTests testTrackedCleanFileCarriesRepositoryPathsAndDiffCommand]' started.
Test Case '-[OuroMDAppSupportTests.DocumentTruthTests testTrackedCleanFileCarriesRepositoryPathsAndDiffCommand]' passed (0.000 seconds).
Test Case '-[OuroMDAppSupportTests.DocumentTruthTests testTrackedModifiedAndMixedStatesUseMechanicalPorcelainStatus]' started.
Test Case '-[OuroMDAppSupportTests.DocumentTruthTests testTrackedModifiedAndMixedStatesUseMechanicalPorcelainStatus]' passed (0.000 seconds).
Test Case '-[OuroMDAppSupportTests.DocumentTruthTests testUntitledAndNonFileURLsHaveHonestUnavailableState]' started.
Test Case '-[OuroMDAppSupportTests.DocumentTruthTests testUntitledAndNonFileURLsHaveHonestUnavailableState]' passed (0.000 seconds).
Test Case '-[OuroMDAppSupportTests.DocumentTruthTests testUntrackedAndIgnoredFilesAreNotPresentedAsTrackedDiffs]' started.
Test Case '-[OuroMDAppSupportTests.DocumentTruthTests testUntrackedAndIgnoredFilesAreNotPresentedAsTrackedDiffs]' passed (0.000 seconds).
Test Suite 'DocumentTruthTests' passed at 2026-08-24 21:49:43.482.
	 Executed 12 tests, with 0 failures (0 unexpected) in 8.486 (8.488) seconds
Test Suite 'DocumentWindowControllerTests' started at 2026-08-24 21:49:43.482.
Test Case '-[OuroMDTests.DocumentWindowControllerTests testDocumentChromeAcrossSavedRenamedDirtyAndDeletedStates]' started.
Test Case '-[OuroMDTests.DocumentWindowControllerTests testDocumentChromeAcrossSavedRenamedDirtyAndDeletedStates]' passed (1.638 seconds).
Test Case '-[OuroMDTests.DocumentWindowControllerTests testDocumentTruthAccessoryIsFixedSizeNativeGlyphWithAccessibleMenu]' started.
Test Case '-[OuroMDTests.DocumentWindowControllerTests testDocumentTruthAccessoryIsFixedSizeNativeGlyphWithAccessibleMenu]' passed (0.276 seconds).
Test Case '-[OuroMDTests.DocumentWindowControllerTests testRealTitleClickEventsRouteToOpenPanelWithoutConsumingNativeChrome]' started.
Test Case '-[OuroMDTests.DocumentWindowControllerTests testRealTitleClickEventsRouteToOpenPanelWithoutConsumingNativeChrome]' passed (0.606 seconds).
Test Case '-[OuroMDTests.DocumentWindowControllerTests testTitleClickGestureDistinguishesClickFromDrag]' started.
Test Case '-[OuroMDTests.DocumentWindowControllerTests testTitleClickGestureDistinguishesClickFromDrag]' passed (0.000 seconds).
Test Suite 'DocumentWindowControllerTests' passed at 2026-08-24 21:49:46.004.
	 Executed 4 tests, with 0 failures (0 unexpected) in 2.521 (2.521) seconds
Test Suite 'EditorWebViewTests' started at 2026-08-24 21:49:46.004.
Test Case '-[OuroMDTests.EditorWebViewTests testCoordinatorRoutesExternalAndRelativeMarkdownLinks]' started.
Test Case '-[OuroMDTests.EditorWebViewTests testCoordinatorRoutesExternalAndRelativeMarkdownLinks]' passed (0.827 seconds).
Test Case '-[OuroMDTests.EditorWebViewTests testEditorDropWebViewAcceptsOnlyOpenableMarkdownFiles]' started.
Test Case '-[OuroMDTests.EditorWebViewTests testEditorDropWebViewAcceptsOnlyOpenableMarkdownFiles]' passed (0.633 seconds).
Test Case '-[OuroMDTests.EditorWebViewTests testInitialThemeBootstrapSeedsDarkThemeBeforeEditorReady]' started.
Test Case '-[OuroMDTests.EditorWebViewTests testInitialThemeBootstrapSeedsDarkThemeBeforeEditorReady]' passed (0.001 seconds).
Test Suite 'EditorWebViewTests' passed at 2026-08-24 21:49:47.466.
	 Executed 3 tests, with 0 failures (0 unexpected) in 1.462 (1.462) seconds
Test Suite 'FileWatcherLiveReloadTests' started at 2026-08-24 21:49:47.466.
Test Case '-[OuroMDTests.FileWatcherLiveReloadTests testWatcherFiresOnAtomicReplaceAfterInitialWindow]' started.
Test Case '-[OuroMDTests.FileWatcherLiveReloadTests testWatcherFiresOnAtomicReplaceAfterInitialWindow]' passed (1.275 seconds).
Test Case '-[OuroMDTests.FileWatcherLiveReloadTests testWatcherReflectsRapidAtomicReplaces]' started.
Test Case '-[OuroMDTests.FileWatcherLiveReloadTests testWatcherReflectsRapidAtomicReplaces]' passed (1.495 seconds).
Test Suite 'FileWatcherLiveReloadTests' passed at 2026-08-24 21:49:50.236.
	 Executed 2 tests, with 0 failures (0 unexpected) in 2.770 (2.770) seconds
Test Suite 'FileWatcherTests' started at 2026-08-24 21:49:50.236.
Test Case '-[OuroMDTests.FileWatcherTests testDetectsInPlaceWrite]' started.
Test Case '-[OuroMDTests.FileWatcherTests testDetectsInPlaceWrite]' passed (0.828 seconds).
Test Case '-[OuroMDTests.FileWatcherTests testReArmsAcrossAtomicReplace]' started.
Test Case '-[OuroMDTests.FileWatcherTests testReArmsAcrossAtomicReplace]' passed (1.027 seconds).
Test Suite 'FileWatcherTests' passed at 2026-08-24 21:49:52.091.
	 Executed 2 tests, with 0 failures (0 unexpected) in 1.855 (1.855) seconds
Test Suite 'FolderBrowserTests' started at 2026-08-24 21:49:52.091.
Test Case '-[OuroMDTests.FolderBrowserTests testDeepTreeReportsTruncationAtDepthCap]' started.
Test Case '-[OuroMDTests.FolderBrowserTests testDeepTreeReportsTruncationAtDepthCap]' passed (7.962 seconds).
Test Case '-[OuroMDTests.FolderBrowserTests testFlatListIncludesOnlyOpenableFiles]' started.
Test Case '-[OuroMDTests.FolderBrowserTests testFlatListIncludesOnlyOpenableFiles]' passed (2.259 seconds).
Test Case '-[OuroMDTests.FolderBrowserTests testFolderSortLabelsAndDateSorts]' started.
Test Case '-[OuroMDTests.FolderBrowserTests testFolderSortLabelsAndDateSorts]' passed (2.254 seconds).
Test Case '-[OuroMDTests.FolderBrowserTests testLargeWorkspaceBudgetSkipsOversizedHiddenAndSymlinkedFiles]' started.
Test Case '-[OuroMDTests.FolderBrowserTests testLargeWorkspaceBudgetSkipsOversizedHiddenAndSymlinkedFiles]' passed (14.460 seconds).
Test Case '-[OuroMDTests.FolderBrowserTests testNameSortIsNatural]' started.
Test Case '-[OuroMDTests.FolderBrowserTests testNameSortIsNatural]' passed (2.511 seconds).
Test Case '-[OuroMDTests.FolderBrowserTests testOpenFolderPopulatesModelAndFilter]' started.
Test Case '-[OuroMDTests.FolderBrowserTests testOpenFolderPopulatesModelAndFilter]' passed (3.118 seconds).
Test Case '-[OuroMDTests.FolderBrowserTests testReadsNonUTF8File]' started.
Test Case '-[OuroMDTests.FolderBrowserTests testReadsNonUTF8File]' passed (2.670 seconds).
Test Case '-[OuroMDTests.FolderBrowserTests testSnapshotOfMissingFolderIsEmpty]' started.
Test Case '-[OuroMDTests.FolderBrowserTests testSnapshotOfMissingFolderIsEmpty]' passed (1.896 seconds).
Test Case '-[OuroMDTests.FolderBrowserTests testSnapshotProvidesTreeAndFlatViewsFromOneAPI]' started.
Test Case '-[OuroMDTests.FolderBrowserTests testSnapshotProvidesTreeAndFlatViewsFromOneAPI]' passed (5.249 seconds).
Test Case '-[OuroMDTests.FolderBrowserTests testSymlinkCycleDoesNotCrashOrRecurse]' started.
Test Case '-[OuroMDTests.FolderBrowserTests testSymlinkCycleDoesNotCrashOrRecurse]' passed (3.484 seconds).
Test Case '-[OuroMDTests.FolderBrowserTests testTreeGroupsDirsFirstAndPrunesEmpties]' started.
Test Case '-[OuroMDTests.FolderBrowserTests testTreeGroupsDirsFirstAndPrunesEmpties]' passed (2.443 seconds).
Test Case '-[OuroMDTests.FolderBrowserTests testUnusualNamesDuplicateBasenamesAndSymlinkedMarkdownAreHandled]' started.
Test Case '-[OuroMDTests.FolderBrowserTests testUnusualNamesDuplicateBasenamesAndSymlinkedMarkdownAreHandled]' passed (3.697 seconds).
Test Suite 'FolderBrowserTests' passed at 2026-08-24 21:50:44.095.
	 Executed 12 tests, with 0 failures (0 unexpected) in 52.002 (52.004) seconds
Test Suite 'FolderDisplayTests' started at 2026-08-24 21:50:44.095.
Test Case '-[OuroMDTests.FolderDisplayTests testDuplicateFileNamesAreDetectedCaseInsensitively]' started.
Test Case '-[OuroMDTests.FolderDisplayTests testDuplicateFileNamesAreDetectedCaseInsensitively]' passed (0.001 seconds).
Test Case '-[OuroMDTests.FolderDisplayTests testRelativePathAndParentHintStayWithinMountedFolder]' started.
Test Case '-[OuroMDTests.FolderDisplayTests testRelativePathAndParentHintStayWithinMountedFolder]' passed (0.000 seconds).
Test Suite 'FolderDisplayTests' passed at 2026-08-24 21:50:44.096.
	 Executed 2 tests, with 0 failures (0 unexpected) in 0.001 (0.001) seconds
Test Suite 'HTMLDocumentTests' started at 2026-08-24 21:50:44.096.
Test Case '-[OuroMDTests.HTMLDocumentTests testEscapeAttrAlsoEscapesDoubleQuotes]' started.
Test Case '-[OuroMDTests.HTMLDocumentTests testEscapeAttrAlsoEscapesDoubleQuotes]' passed (0.000 seconds).
Test Case '-[OuroMDTests.HTMLDocumentTests testEscapeHandlesEveryReservedCharacterAndPassesOthersThrough]' started.
Test Case '-[OuroMDTests.HTMLDocumentTests testEscapeHandlesEveryReservedCharacterAndPassesOthersThrough]' passed (0.000 seconds).
Test Case '-[OuroMDTests.HTMLDocumentTests testWrapProducesCompleteDocumentWithEscapedTitleAndEmbeddedCSS]' started.
Test Case '-[OuroMDTests.HTMLDocumentTests testWrapProducesCompleteDocumentWithEscapedTitleAndEmbeddedCSS]' passed (0.000 seconds).
Test Suite 'HTMLDocumentTests' passed at 2026-08-24 21:50:44.097.
	 Executed 3 tests, with 0 failures (0 unexpected) in 0.001 (0.001) seconds
Test Suite 'MarkdownRendererTests' started at 2026-08-24 21:50:44.097.
Test Case '-[OuroMDTests.MarkdownRendererTests testAuthoredRawHTMLHeadingsUseSharedSemanticIDs]' started.
Test Case '-[OuroMDTests.MarkdownRendererTests testAuthoredRawHTMLHeadingsUseSharedSemanticIDs]' passed (0.001 seconds).
Test Case '-[OuroMDTests.MarkdownRendererTests testBlockQuote]' started.
Test Case '-[OuroMDTests.MarkdownRendererTests testBlockQuote]' passed (0.000 seconds).
Test Case '-[OuroMDTests.MarkdownRendererTests testBoldAndItalic]' started.
Test Case '-[OuroMDTests.MarkdownRendererTests testBoldAndItalic]' passed (0.000 seconds).
Test Case '-[OuroMDTests.MarkdownRendererTests testBrokenOrUnknownFootnoteReferencesAreLeftAsText]' started.
Test Case '-[OuroMDTests.MarkdownRendererTests testBrokenOrUnknownFootnoteReferencesAreLeftAsText]' passed (0.001 seconds).
Test Case '-[OuroMDTests.MarkdownRendererTests testCodeOnlyTableCellsAreMarkedForIntrinsicWidth]' started.
Test Case '-[OuroMDTests.MarkdownRendererTests testCodeOnlyTableCellsAreMarkedForIntrinsicWidth]' passed (0.001 seconds).
Test Case '-[OuroMDTests.MarkdownRendererTests testDistinctFootnoteLabelsWithCollidingSlugsReceiveUniqueIDs]' started.
Test Case '-[OuroMDTests.MarkdownRendererTests testDistinctFootnoteLabelsWithCollidingSlugsReceiveUniqueIDs]' passed (0.001 seconds).
Test Case '-[OuroMDTests.MarkdownRendererTests testDocumentWrap]' started.
Test Case '-[OuroMDTests.MarkdownRendererTests testDocumentWrap]' passed (0.000 seconds).
Test Case '-[OuroMDTests.MarkdownRendererTests testDuplicateFootnoteDefinitionsDoNotCrash]' started.
Test Case '-[OuroMDTests.MarkdownRendererTests testDuplicateFootnoteDefinitionsDoNotCrash]' passed (0.001 seconds).
Test Case '-[OuroMDTests.MarkdownRendererTests testFencedCodeBlock]' started.
Test Case '-[OuroMDTests.MarkdownRendererTests testFencedCodeBlock]' passed (0.000 seconds).
Test Case '-[OuroMDTests.MarkdownRendererTests testFootnoteContinuationsAreRendered]' started.
Test Case '-[OuroMDTests.MarkdownRendererTests testFootnoteContinuationsAreRendered]' passed (0.001 seconds).
Test Case '-[OuroMDTests.MarkdownRendererTests testFootnoteDefinitionsInsideCodeBlocksRemainCode]' started.
Test Case '-[OuroMDTests.MarkdownRendererTests testFootnoteDefinitionsInsideCodeBlocksRemainCode]' passed (0.001 seconds).
Test Case '-[OuroMDTests.MarkdownRendererTests testFootnoteIDsAvoidAuthoredRawHTMLIDs]' started.
Test Case '-[OuroMDTests.MarkdownRendererTests testFootnoteIDsAvoidAuthoredRawHTMLIDs]' passed (0.001 seconds).
Test Case '-[OuroMDTests.MarkdownRendererTests testFootnoteIDsAvoidRawHTMLIDsInDeindentedDefinitions]' started.
Test Case '-[OuroMDTests.MarkdownRendererTests testFootnoteIDsAvoidRawHTMLIDsInDeindentedDefinitions]' passed (0.000 seconds).
Test Case '-[OuroMDTests.MarkdownRendererTests testFootnoteMultiParagraphContinuationRendersInsideFootnote]' started.
Test Case '-[OuroMDTests.MarkdownRendererTests testFootnoteMultiParagraphContinuationRendersInsideFootnote]' passed (0.001 seconds).
Test Case '-[OuroMDTests.MarkdownRendererTests testFootnoteReferencesInsideFencedCodeAreLeftAlone]' started.
Test Case '-[OuroMDTests.MarkdownRendererTests testFootnoteReferencesInsideFencedCodeAreLeftAlone]' passed (0.000 seconds).
Test Case '-[OuroMDTests.MarkdownRendererTests testFootnoteReferencesInsideIndentedCodeAreLeftAlone]' started.
Test Case '-[OuroMDTests.MarkdownRendererTests testFootnoteReferencesInsideIndentedCodeAreLeftAlone]' passed (0.000 seconds).
Test Case '-[OuroMDTests.MarkdownRendererTests testFootnoteReferencesInsideInlineCodeOrEscapesAreLeftAlone]' started.
Test Case '-[OuroMDTests.MarkdownRendererTests testFootnoteReferencesInsideInlineCodeOrEscapesAreLeftAlone]' passed (0.000 seconds).
Test Case '-[OuroMDTests.MarkdownRendererTests testFootnotesRenderAsBacklinkedSection]' started.
Test Case '-[OuroMDTests.MarkdownRendererTests testFootnotesRenderAsBacklinkedSection]' passed (0.000 seconds).
Test Case '-[OuroMDTests.MarkdownRendererTests testHeading]' started.
Test Case '-[OuroMDTests.MarkdownRendererTests testHeading]' passed (0.000 seconds).
Test Case '-[OuroMDTests.MarkdownRendererTests testHeadingAnchorContractMatchesSharedFixture]' started.
Test Case '-[OuroMDTests.MarkdownRendererTests testHeadingAnchorContractMatchesSharedFixture]' passed (0.047 seconds).
Test Case '-[OuroMDTests.MarkdownRendererTests testHeadingHasSlugID]' started.
Test Case '-[OuroMDTests.MarkdownRendererTests testHeadingHasSlugID]' passed (0.000 seconds).
Test Case '-[OuroMDTests.MarkdownRendererTests testHeadingIDsRemainUniqueAcrossBodyAndFootnotes]' started.
Test Case '-[OuroMDTests.MarkdownRendererTests testHeadingIDsRemainUniqueAcrossBodyAndFootnotes]' passed (0.001 seconds).
Test Case '-[OuroMDTests.MarkdownRendererTests testHeadingIDsReserveAuthoredRawHTMLIDs]' started.
Test Case '-[OuroMDTests.MarkdownRendererTests testHeadingIDsReserveAuthoredRawHTMLIDs]' passed (0.000 seconds).
Test Case '-[OuroMDTests.MarkdownRendererTests testHeadingIDsReserveFootnoteAndBackReferenceIDs]' started.
Test Case '-[OuroMDTests.MarkdownRendererTests testHeadingIDsReserveFootnoteAndBackReferenceIDs]' passed (0.001 seconds).
Test Case '-[OuroMDTests.MarkdownRendererTests testHeadingSlugCollapsesRuns]' started.
Test Case '-[OuroMDTests.MarkdownRendererTests testHeadingSlugCollapsesRuns]' passed (0.000 seconds).
Test Case '-[OuroMDTests.MarkdownRendererTests testHTMLEscaping]' started.
Test Case '-[OuroMDTests.MarkdownRendererTests testHTMLEscaping]' passed (0.000 seconds).
Test Case '-[OuroMDTests.MarkdownRendererTests testImageAlt]' started.
Test Case '-[OuroMDTests.MarkdownRendererTests testImageAlt]' passed (0.000 seconds).
Test Case '-[OuroMDTests.MarkdownRendererTests testImageSourcesAreEscapedOrInlined]' started.
Test Case '-[OuroMDTests.MarkdownRendererTests testImageSourcesAreEscapedOrInlined]' passed (2.279 seconds).
Test Case '-[OuroMDTests.MarkdownRendererTests testInlineCode]' started.
Test Case '-[OuroMDTests.MarkdownRendererTests testInlineCode]' passed (0.000 seconds).
Test Case '-[OuroMDTests.MarkdownRendererTests testLineBreaksAndRawHTMLPassThrough]' started.
Test Case '-[OuroMDTests.MarkdownRendererTests testLineBreaksAndRawHTMLPassThrough]' passed (0.000 seconds).
Test Case '-[OuroMDTests.MarkdownRendererTests testLink]' started.
Test Case '-[OuroMDTests.MarkdownRendererTests testLink]' passed (0.000 seconds).
Test Case '-[OuroMDTests.MarkdownRendererTests testLongFencesCanContainShorterFenceExamples]' started.
Test Case '-[OuroMDTests.MarkdownRendererTests testLongFencesCanContainShorterFenceExamples]' passed (0.001 seconds).
Test Case '-[OuroMDTests.MarkdownRendererTests testOrderedList]' started.
Test Case '-[OuroMDTests.MarkdownRendererTests testOrderedList]' passed (0.000 seconds).
Test Case '-[OuroMDTests.MarkdownRendererTests testPathologicalTableCellsRenderAlignmentHTMLURLsAndEmptyCells]' started.
Test Case '-[OuroMDTests.MarkdownRendererTests testPathologicalTableCellsRenderAlignmentHTMLURLsAndEmptyCells]' passed (0.001 seconds).
Test Case '-[OuroMDTests.MarkdownRendererTests testRawHTMLHeadingNormalizerAcceptsQuoteInUnquotedAttribute]' started.
Test Case '-[OuroMDTests.MarkdownRendererTests testRawHTMLHeadingNormalizerAcceptsQuoteInUnquotedAttribute]' passed (0.000 seconds).
Test Case '-[OuroMDTests.MarkdownRendererTests testRawHTMLHeadingNormalizerClosesOnMismatchedHeadingEndTag]' started.
Test Case '-[OuroMDTests.MarkdownRendererTests testRawHTMLHeadingNormalizerClosesOnMismatchedHeadingEndTag]' passed (0.000 seconds).
Test Case '-[OuroMDTests.MarkdownRendererTests testRawHTMLHeadingNormalizerDecodesAnnotationEncoding]' started.
Test Case '-[OuroMDTests.MarkdownRendererTests testRawHTMLHeadingNormalizerDecodesAnnotationEncoding]' passed (0.000 seconds).
Test Case '-[OuroMDTests.MarkdownRendererTests testRawHTMLHeadingNormalizerHandlesConditionalFontBreakout]' started.
Test Case '-[OuroMDTests.MarkdownRendererTests testRawHTMLHeadingNormalizerHandlesConditionalFontBreakout]' passed (0.000 seconds).
Test Case '-[OuroMDTests.MarkdownRendererTests testRawHTMLHeadingNormalizerHandlesIntegrationPointScripts]' started.
Test Case '-[OuroMDTests.MarkdownRendererTests testRawHTMLHeadingNormalizerHandlesIntegrationPointScripts]' passed (0.000 seconds).
Test Case '-[OuroMDTests.MarkdownRendererTests testRawHTMLHeadingNormalizerHonorsForeignContentAndImageAltText]' started.
Test Case '-[OuroMDTests.MarkdownRendererTests testRawHTMLHeadingNormalizerHonorsForeignContentAndImageAltText]' passed (0.000 seconds).
Test Case '-[OuroMDTests.MarkdownRendererTests testRawHTMLHeadingNormalizerReprocessesForeignHeadingEndTag]' started.
Test Case '-[OuroMDTests.MarkdownRendererTests testRawHTMLHeadingNormalizerReprocessesForeignHeadingEndTag]' passed (0.000 seconds).
Test Case '-[OuroMDTests.MarkdownRendererTests testRawHTMLHeadingNormalizerScopesIntegrationPointsByNamespace]' started.
Test Case '-[OuroMDTests.MarkdownRendererTests testRawHTMLHeadingNormalizerScopesIntegrationPointsByNamespace]' passed (0.000 seconds).
Test Case '-[OuroMDTests.MarkdownRendererTests testRawHTMLHeadingNormalizerTracksHTMLDescendantsOfMathIntegrationPoints]' started.
Test Case '-[OuroMDTests.MarkdownRendererTests testRawHTMLHeadingNormalizerTracksHTMLDescendantsOfMathIntegrationPoints]' passed (0.000 seconds).
Test Case '-[OuroMDTests.MarkdownRendererTests testRawHTMLHeadingNormalizerUsesHTMLCharacterReferences]' started.
Test Case '-[OuroMDTests.MarkdownRendererTests testRawHTMLHeadingNormalizerUsesHTMLCharacterReferences]' passed (0.000 seconds).
Test Case '-[OuroMDTests.MarkdownRendererTests testRawHTMLHeadingNormalizerUsesWHATWGNumericReferences]' started.
Test Case '-[OuroMDTests.MarkdownRendererTests testRawHTMLHeadingNormalizerUsesWHATWGNumericReferences]' passed (0.000 seconds).
Test Case '-[OuroMDTests.MarkdownRendererTests testRawHTMLHeadingSemanticTextHonorsSVGTitleNamespace]' started.
Test Case '-[OuroMDTests.MarkdownRendererTests testRawHTMLHeadingSemanticTextHonorsSVGTitleNamespace]' passed (0.000 seconds).
Test Case '-[OuroMDTests.MarkdownRendererTests testReferenceStyleLinksResolveWithoutChangingUnresolvedSource]' started.
Test Case '-[OuroMDTests.MarkdownRendererTests testReferenceStyleLinksResolveWithoutChangingUnresolvedSource]' passed (0.001 seconds).
Test Case '-[OuroMDTests.MarkdownRendererTests testRepeatedFootnoteReferencesUseUniqueAnchorIDs]' started.
Test Case '-[OuroMDTests.MarkdownRendererTests testRepeatedFootnoteReferencesUseUniqueAnchorIDs]' passed (0.001 seconds).
Test Case '-[OuroMDTests.MarkdownRendererTests testShortCellsStayFreeWhileLongAndCodeBearingCellsGetAReadableFloor]' started.
Test Case '-[OuroMDTests.MarkdownRendererTests testShortCellsStayFreeWhileLongAndCodeBearingCellsGetAReadableFloor]' passed (0.001 seconds).
Test Case '-[OuroMDTests.MarkdownRendererTests testStrikethrough]' started.
Test Case '-[OuroMDTests.MarkdownRendererTests testStrikethrough]' passed (0.000 seconds).
Test Case '-[OuroMDTests.MarkdownRendererTests testTable]' started.
Test Case '-[OuroMDTests.MarkdownRendererTests testTable]' passed (0.000 seconds).
Test Case '-[OuroMDTests.MarkdownRendererTests testTaskList]' started.
Test Case '-[OuroMDTests.MarkdownRendererTests testTaskList]' passed (0.000 seconds).
Test Case '-[OuroMDTests.MarkdownRendererTests testThematicBreak]' started.
Test Case '-[OuroMDTests.MarkdownRendererTests testThematicBreak]' passed (0.000 seconds).
Test Case '-[OuroMDTests.MarkdownRendererTests testThemeStore]' started.
Test Case '-[OuroMDTests.MarkdownRendererTests testThemeStore]' passed (0.000 seconds).
Test Case '-[OuroMDTests.MarkdownRendererTests testUnorderedList]' started.
Test Case '-[OuroMDTests.MarkdownRendererTests testUnorderedList]' passed (0.000 seconds).
Test Suite 'MarkdownRendererTests' passed at 2026-08-24 21:50:46.452.
	 Executed 55 tests, with 0 failures (0 unexpected) in 2.349 (2.354) seconds
Test Suite 'MarkdownTidyTests' started at 2026-08-24 21:50:46.452.
Test Case '-[OuroMDTests.MarkdownTidyTests testCollapsesConsecutiveBlankLines]' started.
Test Case '-[OuroMDTests.MarkdownTidyTests testCollapsesConsecutiveBlankLines]' passed (0.000 seconds).
Test Case '-[OuroMDTests.MarkdownTidyTests testDoesNotRewriteNonTableLinesThatMerelyUseSeparatorCharacters]' started.
Test Case '-[OuroMDTests.MarkdownTidyTests testDoesNotRewriteNonTableLinesThatMerelyUseSeparatorCharacters]' passed (0.000 seconds).
Test Case '-[OuroMDTests.MarkdownTidyTests testDoesNotTouchFencedCode]' started.
Test Case '-[OuroMDTests.MarkdownTidyTests testDoesNotTouchFencedCode]' passed (0.000 seconds).
Test Case '-[OuroMDTests.MarkdownTidyTests testDoesNotTouchTildeFencedCode]' started.
Test Case '-[OuroMDTests.MarkdownTidyTests testDoesNotTouchTildeFencedCode]' passed (0.000 seconds).
Test Case '-[OuroMDTests.MarkdownTidyTests testExpandsCompactAndNoSpaceSeparators]' started.
Test Case '-[OuroMDTests.MarkdownTidyTests testExpandsCompactAndNoSpaceSeparators]' passed (0.000 seconds).
Test Case '-[OuroMDTests.MarkdownTidyTests testExpandsTableSeparator]' started.
Test Case '-[OuroMDTests.MarkdownTidyTests testExpandsTableSeparator]' passed (0.000 seconds).
Test Case '-[OuroMDTests.MarkdownTidyTests testFrontMatterClosingFenceAtEndOfDocumentUnchanged]' started.
Test Case '-[OuroMDTests.MarkdownTidyTests testFrontMatterClosingFenceAtEndOfDocumentUnchanged]' passed (0.000 seconds).
Test Case '-[OuroMDTests.MarkdownTidyTests testFrontMatterOnlyNoBodyUnchanged]' started.
Test Case '-[OuroMDTests.MarkdownTidyTests testFrontMatterOnlyNoBodyUnchanged]' passed (0.000 seconds).
Test Case '-[OuroMDTests.MarkdownTidyTests testFrontMatterWithExistingBlankLineUnchanged]' started.
Test Case '-[OuroMDTests.MarkdownTidyTests testFrontMatterWithExistingBlankLineUnchanged]' passed (0.000 seconds).
Test Case '-[OuroMDTests.MarkdownTidyTests testIndentedTableSeparatorKeepsItsIndent]' started.
Test Case '-[OuroMDTests.MarkdownTidyTests testIndentedTableSeparatorKeepsItsIndent]' passed (0.000 seconds).
Test Case '-[OuroMDTests.MarkdownTidyTests testLeavesHorizontalRuleAlone]' started.
Test Case '-[OuroMDTests.MarkdownTidyTests testLeavesHorizontalRuleAlone]' passed (0.000 seconds).
Test Case '-[OuroMDTests.MarkdownTidyTests testMidDocumentTripleDashNotTreatedAsFrontMatter]' started.
Test Case '-[OuroMDTests.MarkdownTidyTests testMidDocumentTripleDashNotTreatedAsFrontMatter]' passed (0.000 seconds).
Test Case '-[OuroMDTests.MarkdownTidyTests testMidDocumentTripleDashWithoutSurroundingBlanksNotTreatedAsFrontMatter]' started.
Test Case '-[OuroMDTests.MarkdownTidyTests testMidDocumentTripleDashWithoutSurroundingBlanksNotTreatedAsFrontMatter]' passed (0.000 seconds).
Test Case '-[OuroMDTests.MarkdownTidyTests testNonTableContentUnchanged]' started.
Test Case '-[OuroMDTests.MarkdownTidyTests testNonTableContentUnchanged]' passed (0.000 seconds).
Test Case '-[OuroMDTests.MarkdownTidyTests testNormalTidyDoesNotConsultOriginalForDirtySave]' started.
Test Case '-[OuroMDTests.MarkdownTidyTests testNormalTidyDoesNotConsultOriginalForDirtySave]' passed (0.000 seconds).
Test Case '-[OuroMDTests.MarkdownTidyTests testPreservesBlankLineAfterClosingFence]' started.
Test Case '-[OuroMDTests.MarkdownTidyTests testPreservesBlankLineAfterClosingFence]' passed (0.000 seconds).
Test Case '-[OuroMDTests.MarkdownTidyTests testPreservesTableAlignment]' started.
Test Case '-[OuroMDTests.MarkdownTidyTests testPreservesTableAlignment]' passed (0.000 seconds).
Test Case '-[OuroMDTests.MarkdownTidyTests testRestoresBlankLineAfterFrontMatter]' started.
Test Case '-[OuroMDTests.MarkdownTidyTests testRestoresBlankLineAfterFrontMatter]' passed (0.000 seconds).
Test Case '-[OuroMDTests.MarkdownTidyTests testRoundTripperReadsExistingInput]' started.
Test Case '-[OuroMDTests.MarkdownTidyTests testRoundTripperReadsExistingInput]' passed (0.376 seconds).
Test Case '-[OuroMDTests.MarkdownTidyTests testRoundTripperRejectsMissingInput]' started.
Test Case '-[OuroMDTests.MarkdownTidyTests testRoundTripperRejectsMissingInput]' passed (0.051 seconds).
Test Case '-[OuroMDTests.MarkdownTidyTests testRoundTripProbePreservesOriginalWhenOnlyKnownEditorNormalizationChanged]' started.
Test Case '-[OuroMDTests.MarkdownTidyTests testRoundTripProbePreservesOriginalWhenOnlyKnownEditorNormalizationChanged]' passed (0.000 seconds).
Test Case '-[OuroMDTests.MarkdownTidyTests testRoundTripProbeReturnsTidiedOutputWhenContentChanged]' started.
Test Case '-[OuroMDTests.MarkdownTidyTests testRoundTripProbeReturnsTidiedOutputWhenContentChanged]' passed (0.000 seconds).
Test Case '-[OuroMDTests.MarkdownTidyTests testSeparatorRequiresBothBoundingPipes]' started.
Test Case '-[OuroMDTests.MarkdownTidyTests testSeparatorRequiresBothBoundingPipes]' passed (0.000 seconds).
Test Case '-[OuroMDTests.MarkdownTidyTests testTidyIsIdempotent]' started.
Test Case '-[OuroMDTests.MarkdownTidyTests testTidyIsIdempotent]' passed (0.000 seconds).
Test Case '-[OuroMDTests.MarkdownTidyTests testUnclosedFrontMatterFenceLeftUnchanged]' started.
Test Case '-[OuroMDTests.MarkdownTidyTests testUnclosedFrontMatterFenceLeftUnchanged]' passed (0.000 seconds).
Test Suite 'MarkdownTidyTests' passed at 2026-08-24 21:50:46.885.
	 Executed 25 tests, with 0 failures (0 unexpected) in 0.431 (0.433) seconds
Test Suite 'OuroMDAppStoreApplyPlanTests' started at 2026-08-24 21:50:46.885.
Test Case '-[OuroMDTests.OuroMDAppStoreApplyPlanTests testApplyExecutorCapturesReviewDetailIdFromFetchResponse]' started.
Test Case '-[OuroMDTests.OuroMDAppStoreApplyPlanTests testApplyExecutorCapturesReviewDetailIdFromFetchResponse]' passed (0.967 seconds).
Test Case '-[OuroMDTests.OuroMDAppStoreApplyPlanTests testApplyExecutorClassifiesRetryableFixtureErrors]' started.
Test Case '-[OuroMDTests.OuroMDAppStoreApplyPlanTests testApplyExecutorClassifiesRetryableFixtureErrors]' passed (1.202 seconds).
Test Case '-[OuroMDTests.OuroMDAppStoreApplyPlanTests testApplyExecutorExecutesFakeTransportAndWritesRedactedArtifacts]' started.
Test Case '-[OuroMDTests.OuroMDAppStoreApplyPlanTests testApplyExecutorExecutesFakeTransportAndWritesRedactedArtifacts]' passed (0.984 seconds).
Test Case '-[OuroMDTests.OuroMDAppStoreApplyPlanTests testApplyExecutorRejectsBlockedDryRunPlans]' started.
Test Case '-[OuroMDTests.OuroMDAppStoreApplyPlanTests testApplyExecutorRejectsBlockedDryRunPlans]' passed (0.636 seconds).
Test Case '-[OuroMDTests.OuroMDAppStoreApplyPlanTests testApplyExecutorRejectsScreenshotBytesChangedAfterDryRun]' started.
Test Case '-[OuroMDTests.OuroMDAppStoreApplyPlanTests testApplyExecutorRejectsScreenshotBytesChangedAfterDryRun]' passed (1.016 seconds).
Test Case '-[OuroMDTests.OuroMDAppStoreApplyPlanTests testApplyExecutorRequiresExplicitApplyMode]' started.
Test Case '-[OuroMDTests.OuroMDAppStoreApplyPlanTests testApplyExecutorRequiresExplicitApplyMode]' passed (0.902 seconds).
Test Case '-[OuroMDTests.OuroMDAppStoreApplyPlanTests testLiveApplyAllowsRetargetedRejectedIdsWhenOwnedByPreflight]' started.
Test Case '-[OuroMDTests.OuroMDAppStoreApplyPlanTests testLiveApplyAllowsRetargetedRejectedIdsWhenOwnedByPreflight]' passed (1.081 seconds).
Test Case '-[OuroMDTests.OuroMDAppStoreApplyPlanTests testLiveApplyRejectsLaterStagesWithoutUnit7cResolvedStateBeforeNetwork]' started.
Test Case '-[OuroMDTests.OuroMDAppStoreApplyPlanTests testLiveApplyRejectsLaterStagesWithoutUnit7cResolvedStateBeforeNetwork]' passed (1.069 seconds).
Test Case '-[OuroMDTests.OuroMDAppStoreApplyPlanTests testLiveApplyRejectsMismatchedUploadedBuildPreflightBeforeNetwork]' started.
Test Case '-[OuroMDTests.OuroMDAppStoreApplyPlanTests testLiveApplyRejectsMismatchedUploadedBuildPreflightBeforeNetwork]' passed (1.031 seconds).
Test Case '-[OuroMDTests.OuroMDAppStoreApplyPlanTests testLiveApplyRejectsStalePersistedStateBeforeNetwork]' started.
Test Case '-[OuroMDTests.OuroMDAppStoreApplyPlanTests testLiveApplyRejectsStalePersistedStateBeforeNetwork]' passed (0.954 seconds).
Test Case '-[OuroMDTests.OuroMDAppStoreApplyPlanTests testLiveApplyRejectsUnownedPersistedStateBeforeNetwork]' started.
Test Case '-[OuroMDTests.OuroMDAppStoreApplyPlanTests testLiveApplyRejectsUnownedPersistedStateBeforeNetwork]' passed (1.117 seconds).
Test Case '-[OuroMDTests.OuroMDAppStoreApplyPlanTests testLiveApplyRequiresStageAndExactStatePreflight]' started.
Test Case '-[OuroMDTests.OuroMDAppStoreApplyPlanTests testLiveApplyRequiresStageAndExactStatePreflight]' passed (1.009 seconds).
Test Case '-[OuroMDTests.OuroMDAppStoreApplyPlanTests testLiveFinalSubmitRequiresOldRejectionThreadReplyHandlingBeforeNetwork]' started.
Test Case '-[OuroMDTests.OuroMDAppStoreApplyPlanTests testLiveFinalSubmitRequiresOldRejectionThreadReplyHandlingBeforeNetwork]' passed (1.304 seconds).
Test Suite 'OuroMDAppStoreApplyPlanTests' passed at 2026-08-24 21:51:00.158.
	 Executed 13 tests, with 0 failures (0 unexpected) in 13.271 (13.273) seconds
Test Suite 'OuroMDAppStorePackageReadinessTests' started at 2026-08-24 21:51:00.158.
Test Case '-[OuroMDTests.OuroMDAppStorePackageReadinessTests testArtifactFlagRequiresReadinessMode]' started.
Test Case '-[OuroMDTests.OuroMDAppStorePackageReadinessTests testArtifactFlagRequiresReadinessMode]' passed (0.366 seconds).
Test Case '-[OuroMDTests.OuroMDAppStorePackageReadinessTests testPackageReadinessWritesStructuredNonSecretArtifact]' started.
Test Case '-[OuroMDTests.OuroMDAppStorePackageReadinessTests testPackageReadinessWritesStructuredNonSecretArtifact]' passed (4.521 seconds).
Test Case '-[OuroMDTests.OuroMDAppStorePackageReadinessTests testReadinessDoesNotEchoSecretShapedArtifactPath]' started.
Test Case '-[OuroMDTests.OuroMDAppStorePackageReadinessTests testReadinessDoesNotEchoSecretShapedArtifactPath]' passed (1.738 seconds).
Test Case '-[OuroMDTests.OuroMDAppStorePackageReadinessTests testReadinessSecretScanRedactsCredentialShapedFilenames]' started.
Test Case '-[OuroMDTests.OuroMDAppStorePackageReadinessTests testReadinessSecretScanRedactsCredentialShapedFilenames]' passed (1.672 seconds).
Test Suite 'OuroMDAppStorePackageReadinessTests' passed at 2026-08-24 21:51:08.456.
	 Executed 4 tests, with 0 failures (0 unexpected) in 8.297 (8.298) seconds
Test Suite 'OuroMDAppStoreRequestPlanTests' started at 2026-08-24 21:51:08.456.
Test Case '-[OuroMDTests.OuroMDAppStoreRequestPlanTests testDryRunPlanBuildsExactTargetVersionRequestGraph]' started.
Test Case '-[OuroMDTests.OuroMDAppStoreRequestPlanTests testDryRunPlanBuildsExactTargetVersionRequestGraph]' passed (0.132 seconds).
Test Case '-[OuroMDTests.OuroMDAppStoreRequestPlanTests testDryRunPlanDoesNotSubmitWhenManifestOnlyHasRemoteScreenshotProof]' started.
Test Case '-[OuroMDTests.OuroMDAppStoreRequestPlanTests testDryRunPlanDoesNotSubmitWhenManifestOnlyHasRemoteScreenshotProof]' passed (0.447 seconds).
Test Case '-[OuroMDTests.OuroMDAppStoreRequestPlanTests testDryRunPlanIncludesMacScreenshotReservationUploadAndCommitSteps]' started.
Test Case '-[OuroMDTests.OuroMDAppStoreRequestPlanTests testDryRunPlanIncludesMacScreenshotReservationUploadAndCommitSteps]' passed (0.307 seconds).
Test Case '-[OuroMDTests.OuroMDAppStoreRequestPlanTests testDryRunPlanIncludesSubmitOnlyAfterRequiredLocalScreenshots]' started.
Test Case '-[OuroMDTests.OuroMDAppStoreRequestPlanTests testDryRunPlanIncludesSubmitOnlyAfterRequiredLocalScreenshots]' passed (0.794 seconds).
Test Case '-[OuroMDTests.OuroMDAppStoreRequestPlanTests testDryRunPlanOutputAndErrorsAreRedacted]' started.
Test Case '-[OuroMDTests.OuroMDAppStoreRequestPlanTests testDryRunPlanOutputAndErrorsAreRedacted]' passed (0.205 seconds).
Test Case '-[OuroMDTests.OuroMDAppStoreRequestPlanTests testDryRunPlanRecordsExistingRejectionThreadStrategyWithoutMutatingStaleSubmission]' started.
Test Case '-[OuroMDTests.OuroMDAppStoreRequestPlanTests testDryRunPlanRecordsExistingRejectionThreadStrategyWithoutMutatingStaleSubmission]' passed (0.243 seconds).
Test Case '-[OuroMDTests.OuroMDAppStoreRequestPlanTests testDryRunPlanRejectsExplicitGeneratedResourceIds]' started.
Test Case '-[OuroMDTests.OuroMDAppStoreRequestPlanTests testDryRunPlanRejectsExplicitGeneratedResourceIds]' passed (1.052 seconds).
Test Case '-[OuroMDTests.OuroMDAppStoreRequestPlanTests testDryRunPlanRejectsMissingReleaseHighlights]' started.
Test Case '-[OuroMDTests.OuroMDAppStoreRequestPlanTests testDryRunPlanRejectsMissingReleaseHighlights]' passed (0.818 seconds).
Test Case '-[OuroMDTests.OuroMDAppStoreRequestPlanTests testDryRunPlanRejectsStaleRejectedIdsForTargetGraph]' started.
Test Case '-[OuroMDTests.OuroMDAppStoreRequestPlanTests testDryRunPlanRejectsStaleRejectedIdsForTargetGraph]' passed (0.209 seconds).
Test Case '-[OuroMDTests.OuroMDAppStoreRequestPlanTests testDryRunPlanRejectsUnexpectedBundleInManifest]' started.
Test Case '-[OuroMDTests.OuroMDAppStoreRequestPlanTests testDryRunPlanRejectsUnexpectedBundleInManifest]' passed (0.440 seconds).
Test Case '-[OuroMDTests.OuroMDAppStoreRequestPlanTests testDryRunPlanRejectsUnknownArguments]' started.
Test Case '-[OuroMDTests.OuroMDAppStoreRequestPlanTests testDryRunPlanRejectsUnknownArguments]' passed (0.200 seconds).
Test Case '-[OuroMDTests.OuroMDAppStoreRequestPlanTests testDryRunPlanReusesExistingAppInfoLocalizationWhenProvided]' started.
Test Case '-[OuroMDTests.OuroMDAppStoreRequestPlanTests testDryRunPlanReusesExistingAppInfoLocalizationWhenProvided]' passed (0.199 seconds).
Test Case '-[OuroMDTests.OuroMDAppStoreRequestPlanTests testDryRunPlanUsesLocalScreenshotInputsAndIgnoresRemoteProofUris]' started.
Test Case '-[OuroMDTests.OuroMDAppStoreRequestPlanTests testDryRunPlanUsesLocalScreenshotInputsAndIgnoresRemoteProofUris]' passed (0.412 seconds).
Test Case '-[OuroMDTests.OuroMDAppStoreRequestPlanTests testDryRunPlanWritesTextArtifactWhenRequested]' started.
Test Case '-[OuroMDTests.OuroMDAppStoreRequestPlanTests testDryRunPlanWritesTextArtifactWhenRequested]' passed (0.572 seconds).
Test Suite 'OuroMDAppStoreRequestPlanTests' passed at 2026-08-24 21:51:14.488.
	 Executed 14 tests, with 0 failures (0 unexpected) in 6.030 (6.032) seconds
Test Suite 'OuroMDAppStoreScreenshotTests' started at 2026-08-24 21:51:14.488.
Test Case '-[OuroMDTests.OuroMDAppStoreScreenshotTests testAppStoreManifestDeclaresFourLocalReviewScreenshots]' started.
Test Case '-[OuroMDTests.OuroMDAppStoreScreenshotTests testAppStoreManifestDeclaresFourLocalReviewScreenshots]' passed (0.062 seconds).
Test Case '-[OuroMDTests.OuroMDAppStoreScreenshotTests testScreenshotCheckerSelftestCoversRemoteOnlyManifest]' started.
Test Case '-[OuroMDTests.OuroMDAppStoreScreenshotTests testScreenshotCheckerSelftestCoversRemoteOnlyManifest]' passed (0.204 seconds).
Test Suite 'OuroMDAppStoreScreenshotTests' passed at 2026-08-24 21:51:14.754.
	 Executed 2 tests, with 0 failures (0 unexpected) in 0.266 (0.266) seconds
Test Suite 'OuroMDAppStoreStatusTests' started at 2026-08-24 21:51:14.754.
Test Case '-[OuroMDTests.OuroMDAppStoreStatusTests testLiveStatusRequiresExplicitVersionIdsOrRejectedAuditFlag]' started.
Test Case '-[OuroMDTests.OuroMDAppStoreStatusTests testLiveStatusRequiresExplicitVersionIdsOrRejectedAuditFlag]' passed (0.183 seconds).
Test Case '-[OuroMDTests.OuroMDAppStoreStatusTests testRejectedAuditDefaultsAreExplicitInJsonAndText]' started.
Test Case '-[OuroMDTests.OuroMDAppStoreStatusTests testRejectedAuditDefaultsAreExplicitInJsonAndText]' passed (0.366 seconds).
Test Case '-[OuroMDTests.OuroMDAppStoreStatusTests testStatusReaderFailsWhenRequiredLiveFieldsAreMissing]' started.
Test Case '-[OuroMDTests.OuroMDAppStoreStatusTests testStatusReaderFailsWhenRequiredLiveFieldsAreMissing]' passed (0.079 seconds).
Test Case '-[OuroMDTests.OuroMDAppStoreStatusTests testStatusReaderMatchesReviewItemByAppStoreVersionRelationship]' started.
Test Case '-[OuroMDTests.OuroMDAppStoreStatusTests testStatusReaderMatchesReviewItemByAppStoreVersionRelationship]' passed (0.236 seconds).
Test Case '-[OuroMDTests.OuroMDAppStoreStatusTests testStatusReaderRedactsMultilinePrivateKeysFromErrors]' started.
Test Case '-[OuroMDTests.OuroMDAppStoreStatusTests testStatusReaderRedactsMultilinePrivateKeysFromErrors]' passed (0.224 seconds).
Test Case '-[OuroMDTests.OuroMDAppStoreStatusTests testStatusReaderRejectsReviewItemWithoutVersionRelationship]' started.
Test Case '-[OuroMDTests.OuroMDAppStoreStatusTests testStatusReaderRejectsReviewItemWithoutVersionRelationship]' passed (0.194 seconds).
Test Case '-[OuroMDTests.OuroMDAppStoreStatusTests testStatusReaderRejectsUnexpectedBundleId]' started.
Test Case '-[OuroMDTests.OuroMDAppStoreStatusTests testStatusReaderRejectsUnexpectedBundleId]' passed (0.088 seconds).
Test Case '-[OuroMDTests.OuroMDAppStoreStatusTests testStatusReaderRejectsUnknownArguments]' started.
Test Case '-[OuroMDTests.OuroMDAppStoreStatusTests testStatusReaderRejectsUnknownArguments]' passed (0.098 seconds).
Test Case '-[OuroMDTests.OuroMDAppStoreStatusTests testStatusReaderRequiresCompleteScreenshotDeliveryState]' started.
Test Case '-[OuroMDTests.OuroMDAppStoreStatusTests testStatusReaderRequiresCompleteScreenshotDeliveryState]' passed (0.230 seconds).
Test Case '-[OuroMDTests.OuroMDAppStoreStatusTests testStatusReaderRequiresDesktopScreenshotSet]' started.
Test Case '-[OuroMDTests.OuroMDAppStoreStatusTests testStatusReaderRequiresDesktopScreenshotSet]' passed (0.333 seconds).
Test Case '-[OuroMDTests.OuroMDAppStoreStatusTests testStatusReaderRequiresScreenshotDeliveryState]' started.
Test Case '-[OuroMDTests.OuroMDAppStoreStatusTests testStatusReaderRequiresScreenshotDeliveryState]' passed (0.193 seconds).
Test Case '-[OuroMDTests.OuroMDAppStoreStatusTests testStatusReaderSelftestNormalizesAndRedactsAppStoreConnectState]' started.
Test Case '-[OuroMDTests.OuroMDAppStoreStatusTests testStatusReaderSelftestNormalizesAndRedactsAppStoreConnectState]' passed (0.303 seconds).
Test Case '-[OuroMDTests.OuroMDAppStoreStatusTests testStatusReaderTextSummaryIsCompactAndRedacted]' started.
Test Case '-[OuroMDTests.OuroMDAppStoreStatusTests testStatusReaderTextSummaryIsCompactAndRedacted]' passed (0.254 seconds).
Test Case '-[OuroMDTests.OuroMDAppStoreStatusTests testStatusReaderWritesJsonArtifactWhenRequested]' started.
Test Case '-[OuroMDTests.OuroMDAppStoreStatusTests testStatusReaderWritesJsonArtifactWhenRequested]' passed (0.255 seconds).
Test Suite 'OuroMDAppStoreStatusTests' passed at 2026-08-24 21:51:17.793.
	 Executed 14 tests, with 0 failures (0 unexpected) in 3.036 (3.039) seconds
Test Suite 'OuroMDDistributionTests' started at 2026-08-24 21:51:17.793.
Test Case '-[OuroMDTests.OuroMDDistributionTests testAppStoreDisablesDirectUpdates]' started.
Test Case '-[OuroMDTests.OuroMDDistributionTests testAppStoreDisablesDirectUpdates]' passed (0.000 seconds).
Test Case '-[OuroMDTests.OuroMDDistributionTests testAppStoreManifestCarriesDistinctReviewMetadata]' started.
Test Case '-[OuroMDTests.OuroMDDistributionTests testAppStoreManifestCarriesDistinctReviewMetadata]' passed (0.001 seconds).
Test Case '-[OuroMDTests.OuroMDDistributionTests testDefaultsToDeveloperIDDirectUpdates]' started.
Test Case '-[OuroMDTests.OuroMDDistributionTests testDefaultsToDeveloperIDDirectUpdates]' passed (0.000 seconds).
Test Case '-[OuroMDTests.OuroMDDistributionTests testLocalBuildsAllowDirectUpdates]' started.
Test Case '-[OuroMDTests.OuroMDDistributionTests testLocalBuildsAllowDirectUpdates]' passed (0.000 seconds).
Test Suite 'OuroMDDistributionTests' passed at 2026-08-24 21:51:17.795.
	 Executed 4 tests, with 0 failures (0 unexpected) in 0.002 (0.002) seconds
Test Suite 'OuroMDPositioningTests' started at 2026-08-24 21:51:17.795.
Test Case '-[OuroMDTests.OuroMDPositioningTests testReleaseHighlightsCarryReviewFacingDifferentiators]' started.
Test Case '-[OuroMDTests.OuroMDPositioningTests testReleaseHighlightsCarryReviewFacingDifferentiators]' passed (0.000 seconds).
Test Case '-[OuroMDTests.OuroMDPositioningTests testReleaseHighlightsDoNotExposeInternalReviewRemediationLanguage]' started.
Test Case '-[OuroMDTests.OuroMDPositioningTests testReleaseHighlightsDoNotExposeInternalReviewRemediationLanguage]' passed (0.000 seconds).
Test Case '-[OuroMDTests.OuroMDPositioningTests testShellAboutSubtitleUsesLocalWorkspacePositioning]' started.
Test Case '-[OuroMDTests.OuroMDPositioningTests testShellAboutSubtitleUsesLocalWorkspacePositioning]' passed (0.001 seconds).
Test Case '-[OuroMDTests.OuroMDPositioningTests testWelcomeCopyExplainsLocalWorkspaceWorkflow]' started.
Test Case '-[OuroMDTests.OuroMDPositioningTests testWelcomeCopyExplainsLocalWorkspaceWorkflow]' passed (0.000 seconds).
Test Case '-[OuroMDTests.OuroMDPositioningTests testWelcomeVisualFixtureMatchesSourceWelcomeCopy]' started.
Test Case '-[OuroMDTests.OuroMDPositioningTests testWelcomeVisualFixtureMatchesSourceWelcomeCopy]' passed (0.001 seconds).
Test Suite 'OuroMDPositioningTests' passed at 2026-08-24 21:51:17.798.
	 Executed 5 tests, with 0 failures (0 unexpected) in 0.003 (0.003) seconds
Test Suite 'OuroMDShellContractTests' started at 2026-08-24 21:51:17.798.
Test Case '-[OuroMDTests.OuroMDShellContractTests testAppStoreShellContractUsesStoreOwnedUpdateSemantics]' started.
Test Case '-[OuroMDTests.OuroMDShellContractTests testAppStoreShellContractUsesStoreOwnedUpdateSemantics]' passed (0.001 seconds).
Test Case '-[OuroMDTests.OuroMDShellContractTests testShellCommandManifestPinsPublicSurfaceSemantics]' started.
Test Case '-[OuroMDTests.OuroMDShellContractTests testShellCommandManifestPinsPublicSurfaceSemantics]' passed (0.001 seconds).
Test Case '-[OuroMDTests.OuroMDShellContractTests testShellContractDocumentsUtilityWindowsAndSettingsEntryPoint]' started.
Test Case '-[OuroMDTests.OuroMDShellContractTests testShellContractDocumentsUtilityWindowsAndSettingsEntryPoint]' passed (0.001 seconds).
Test Case '-[OuroMDTests.OuroMDShellContractTests testShellContractIsValidAndDeclaresSharedSurfaces]' started.
Test Case '-[OuroMDTests.OuroMDShellContractTests testShellContractIsValidAndDeclaresSharedSurfaces]' passed (0.003 seconds).
Test Case '-[OuroMDTests.OuroMDShellContractTests testShellContractMatchesRuntimeIdentityReleaseAndShortcutSurfaces]' started.
Test Case '-[OuroMDTests.OuroMDShellContractTests testShellContractMatchesRuntimeIdentityReleaseAndShortcutSurfaces]' passed (0.002 seconds).
Test Suite 'OuroMDShellContractTests' passed at 2026-08-24 21:51:17.806.
	 Executed 5 tests, with 0 failures (0 unexpected) in 0.008 (0.008) seconds
Test Suite 'OuroMDTelemetryTests' started at 2026-08-24 21:51:17.806.
Test Case '-[OuroMDTests.OuroMDTelemetryTests testCaptureCanUseDefaultClockWithInjectedSender]' started.
Test Case '-[OuroMDTests.OuroMDTelemetryTests testCaptureCanUseDefaultClockWithInjectedSender]' passed (0.012 seconds).
Test Case '-[OuroMDTests.OuroMDTelemetryTests testCaptureReusesExistingDistinctID]' started.
Test Case '-[OuroMDTests.OuroMDTelemetryTests testCaptureReusesExistingDistinctID]' passed (0.003 seconds).
Test Case '-[OuroMDTests.OuroMDTelemetryTests testCaptureSendsAnonymousPostHogPayload]' started.
Test Case '-[OuroMDTests.OuroMDTelemetryTests testCaptureSendsAnonymousPostHogPayload]' passed (0.002 seconds).
Test Case '-[OuroMDTests.OuroMDTelemetryTests testConfigurationIgnoresAmbientPostHogKeyEnvironmentAndSupportsDisableFlag]' started.
Test Case '-[OuroMDTests.OuroMDTelemetryTests testConfigurationIgnoresAmbientPostHogKeyEnvironmentAndSupportsDisableFlag]' passed (0.930 seconds).
Test Case '-[OuroMDTests.OuroMDTelemetryTests testConfigurationIgnoresStoredPostHogDefaults]' started.
Test Case '-[OuroMDTests.OuroMDTelemetryTests testConfigurationIgnoresStoredPostHogDefaults]' passed (0.003 seconds).
Test Case '-[OuroMDTests.OuroMDTelemetryTests testConfigurationLoadsEmbeddedPostHogBundleValues]' started.
Test Case '-[OuroMDTests.OuroMDTelemetryTests testConfigurationLoadsEmbeddedPostHogBundleValues]' passed (0.639 seconds).
Test Case '-[OuroMDTests.OuroMDTelemetryTests testConfigurationRejectsInvalidEmbeddedHost]' started.
Test Case '-[OuroMDTests.OuroMDTelemetryTests testConfigurationRejectsInvalidEmbeddedHost]' passed (0.836 seconds).
Test Case '-[OuroMDTests.OuroMDTelemetryTests testOptOutSuppressesCaptureAndPersists]' started.
Test Case '-[OuroMDTests.OuroMDTelemetryTests testOptOutSuppressesCaptureAndPersists]' passed (0.003 seconds).
Test Case '-[OuroMDTests.OuroMDTelemetryTests testUnconfiguredTelemetryIsDisabled]' started.
Test Case '-[OuroMDTests.OuroMDTelemetryTests testUnconfiguredTelemetryIsDisabled]' passed (0.001 seconds).
Test Suite 'OuroMDTelemetryTests' passed at 2026-08-24 21:51:20.234.
	 Executed 9 tests, with 0 failures (0 unexpected) in 2.427 (2.428) seconds
Test Suite 'OuroMDUpdateCoordinatorTests' started at 2026-08-24 21:51:20.235.
Test Case '-[OuroMDTests.OuroMDUpdateCoordinatorTests testApplyStagedUpdateOnQuitOnlyWhenEnabledAndNotManualInstall]' started.
Test Case '-[OuroMDTests.OuroMDUpdateCoordinatorTests testApplyStagedUpdateOnQuitOnlyWhenEnabledAndNotManualInstall]' passed (0.004 seconds).
Test Case '-[OuroMDTests.OuroMDUpdateCoordinatorTests testAppShellUpdateActionsExposeReviewButKeepDirectInstallBehindOuroMDPrompt]' started.
Test Case '-[OuroMDTests.OuroMDUpdateCoordinatorTests testAppShellUpdateActionsExposeReviewButKeepDirectInstallBehindOuroMDPrompt]' passed (0.013 seconds).
Test Case '-[OuroMDTests.OuroMDUpdateCoordinatorTests testAutoUpdateCheckIsDefaultOnThrottledAndOncePerSession]' started.
Test Case '-[OuroMDTests.OuroMDUpdateCoordinatorTests testAutoUpdateCheckIsDefaultOnThrottledAndOncePerSession]' passed (0.003 seconds).
Test Case '-[OuroMDTests.OuroMDUpdateCoordinatorTests testAutoUpdateCheckSkipsWhenDisabled]' started.
Test Case '-[OuroMDTests.OuroMDUpdateCoordinatorTests testAutoUpdateCheckSkipsWhenDisabled]' passed (0.002 seconds).
Test Case '-[OuroMDTests.OuroMDUpdateCoordinatorTests testAutoUpdateDefaultsToEnabledAndPersistsOptOut]' started.
Test Case '-[OuroMDTests.OuroMDUpdateCoordinatorTests testAutoUpdateDefaultsToEnabledAndPersistsOptOut]' passed (0.002 seconds).
Test Case '-[OuroMDTests.OuroMDUpdateCoordinatorTests testAutoUpdateStagesInstallableUpdateInBackground]' started.
Test Case '-[OuroMDTests.OuroMDUpdateCoordinatorTests testAutoUpdateStagesInstallableUpdateInBackground]' passed (0.002 seconds).
Test Case '-[OuroMDTests.OuroMDUpdateCoordinatorTests testBadgeAndPromptUseCheckedReleaseWhenNoUpdateIsStaged]' started.
Test Case '-[OuroMDTests.OuroMDUpdateCoordinatorTests testBadgeAndPromptUseCheckedReleaseWhenNoUpdateIsStaged]' passed (0.001 seconds).
Test Case '-[OuroMDTests.OuroMDUpdateCoordinatorTests testCancelPendingManualInstallPreventsLaterApply]' started.
Test Case '-[OuroMDTests.OuroMDUpdateCoordinatorTests testCancelPendingManualInstallPreventsLaterApply]' passed (0.002 seconds).
Test Case '-[OuroMDTests.OuroMDUpdateCoordinatorTests testCheckedReleaseStateTakesPrecedenceOverLaunchInstalledState]' started.
Test Case '-[OuroMDTests.OuroMDUpdateCoordinatorTests testCheckedReleaseStateTakesPrecedenceOverLaunchInstalledState]' passed (0.003 seconds).
Test Case '-[OuroMDTests.OuroMDUpdateCoordinatorTests testDismissingNonInstallablePromptDoesNotEmitDeferredTelemetry]' started.
Test Case '-[OuroMDTests.OuroMDUpdateCoordinatorTests testDismissingNonInstallablePromptDoesNotEmitDeferredTelemetry]' passed (0.001 seconds).
Test Case '-[OuroMDTests.OuroMDUpdateCoordinatorTests testFailedStartedManualInstallCanRetryWithoutAnotherCheck]' started.
Test Case '-[OuroMDTests.OuroMDUpdateCoordinatorTests testFailedStartedManualInstallCanRetryWithoutAnotherCheck]' passed (0.032 seconds).
Test Case '-[OuroMDTests.OuroMDUpdateCoordinatorTests testLaunchVersionMemorySurfacesPostUpdateConfirmationOnceVersionChanges]' started.
Test Case '-[OuroMDTests.OuroMDUpdateCoordinatorTests testLaunchVersionMemorySurfacesPostUpdateConfirmationOnceVersionChanges]' passed (0.003 seconds).
Test Case '-[OuroMDTests.OuroMDUpdateCoordinatorTests testManualCheckAwaitsInFlightLaunchCheckBeforePrompting]' started.
Test Case '-[OuroMDTests.OuroMDUpdateCoordinatorTests testManualCheckAwaitsInFlightLaunchCheckBeforePrompting]' passed (0.003 seconds).
Test Case '-[OuroMDTests.OuroMDUpdateCoordinatorTests testManualCheckClearsPendingStageWhenReleaseIsNoLongerInstallable]' started.
Test Case '-[OuroMDTests.OuroMDUpdateCoordinatorTests testManualCheckClearsPendingStageWhenReleaseIsNoLongerInstallable]' passed (0.002 seconds).
Test Case '-[OuroMDTests.OuroMDUpdateCoordinatorTests testManualCheckPromptsInstallableCurrentAndUnavailableStates]' started.
Test Case '-[OuroMDTests.OuroMDUpdateCoordinatorTests testManualCheckPromptsInstallableCurrentAndUnavailableStates]' passed (0.001 seconds).
Test Case '-[OuroMDTests.OuroMDUpdateCoordinatorTests testManualCheckReportsMissingInstallableAssets]' started.
Test Case '-[OuroMDTests.OuroMDUpdateCoordinatorTests testManualCheckReportsMissingInstallableAssets]' passed (0.001 seconds).
Test Case '-[OuroMDTests.OuroMDUpdateCoordinatorTests testManualInstallExposesProgressWhileStageIsRunning]' started.
Test Case '-[OuroMDTests.OuroMDUpdateCoordinatorTests testManualInstallExposesProgressWhileStageIsRunning]' passed (0.001 seconds).
Test Case '-[OuroMDTests.OuroMDUpdateCoordinatorTests testManualInstallFailureSetsFailedPromptForAppObserver]' started.
Test Case '-[OuroMDTests.OuroMDUpdateCoordinatorTests testManualInstallFailureSetsFailedPromptForAppObserver]' passed (0.001 seconds).
Test Case '-[OuroMDTests.OuroMDUpdateCoordinatorTests testManualInstallOfPendingStageIsIdempotent]' started.
Test Case '-[OuroMDTests.OuroMDUpdateCoordinatorTests testManualInstallOfPendingStageIsIdempotent]' passed (0.002 seconds).
Test Case '-[OuroMDTests.OuroMDUpdateCoordinatorTests testManualInstallReportsPlannerFailure]' started.
Test Case '-[OuroMDTests.OuroMDUpdateCoordinatorTests testManualInstallReportsPlannerFailure]' passed (0.001 seconds).
Test Case '-[OuroMDTests.OuroMDUpdateCoordinatorTests testManualInstallReportsStagingProgressBeforeApplying]' started.
Test Case '-[OuroMDTests.OuroMDUpdateCoordinatorTests testManualInstallReportsStagingProgressBeforeApplying]' passed (0.001 seconds).
Test Case '-[OuroMDTests.OuroMDUpdateCoordinatorTests testManualInstallRequiresPriorCheck]' started.
Test Case '-[OuroMDTests.OuroMDUpdateCoordinatorTests testManualInstallRequiresPriorCheck]' passed (0.001 seconds).
Test Case '-[OuroMDTests.OuroMDUpdateCoordinatorTests testManualInstallRestagesWhenCheckedReleaseIsNewerThanPendingStage]' started.
Test Case '-[OuroMDTests.OuroMDUpdateCoordinatorTests testManualInstallRestagesWhenCheckedReleaseIsNewerThanPendingStage]' passed (0.002 seconds).
Test Case '-[OuroMDTests.OuroMDUpdateCoordinatorTests testManualInstallUsesAlreadyStagedUpdateAndSuppressesQuitApply]' started.
Test Case '-[OuroMDTests.OuroMDUpdateCoordinatorTests testManualInstallUsesAlreadyStagedUpdateAndSuppressesQuitApply]' passed (0.002 seconds).
Test Case '-[OuroMDTests.OuroMDUpdateCoordinatorTests testManualUpdateFailureTelemetryDoesNotLeakRawErrorDetails]' started.
Test Case '-[OuroMDTests.OuroMDUpdateCoordinatorTests testManualUpdateFailureTelemetryDoesNotLeakRawErrorDetails]' passed (0.001 seconds).
Test Case '-[OuroMDTests.OuroMDUpdateCoordinatorTests testManualUpdateFlowCapturesTelemetryWithoutRawErrorDetails]' started.
Test Case '-[OuroMDTests.OuroMDUpdateCoordinatorTests testManualUpdateFlowCapturesTelemetryWithoutRawErrorDetails]' passed (0.002 seconds).
Test Case '-[OuroMDTests.OuroMDUpdateCoordinatorTests testPromptDisplayHelpersAreUserFacing]' started.
Test Case '-[OuroMDTests.OuroMDUpdateCoordinatorTests testPromptDisplayHelpersAreUserFacing]' passed (0.000 seconds).
Test Case '-[OuroMDTests.OuroMDUpdateCoordinatorTests testPromptFallsBackToStagedVersionWhenLatestSnapshotIsNotInstallable]' started.
Test Case '-[OuroMDTests.OuroMDUpdateCoordinatorTests testPromptFallsBackToStagedVersionWhenLatestSnapshotIsNotInstallable]' passed (0.002 seconds).
Test Case '-[OuroMDTests.OuroMDUpdateCoordinatorTests testPromptPresentationBindingDismissesPrompt]' started.
Test Case '-[OuroMDTests.OuroMDUpdateCoordinatorTests testPromptPresentationBindingDismissesPrompt]' passed (0.001 seconds).
Test Case '-[OuroMDTests.OuroMDUpdateCoordinatorTests testReleaseMetadataFormatsPublishedDateAndNotesPreview]' started.
Test Case '-[OuroMDTests.OuroMDUpdateCoordinatorTests testReleaseMetadataFormatsPublishedDateAndNotesPreview]' passed (0.003 seconds).
Test Case '-[OuroMDTests.OuroMDUpdateCoordinatorTests testReleaseStatusLineCoversUncheckedCheckingCurrentAvailableAndUnavailableStates]' started.
Test Case '-[OuroMDTests.OuroMDUpdateCoordinatorTests testReleaseStatusLineCoversUncheckedCheckingCurrentAvailableAndUnavailableStates]' passed (0.004 seconds).
Test Case '-[OuroMDTests.OuroMDUpdateCoordinatorTests testStartedManualInstallCanCancelInFlightStageAndRetry]' started.
Test Case '-[OuroMDTests.OuroMDUpdateCoordinatorTests testStartedManualInstallCanCancelInFlightStageAndRetry]' passed (0.017 seconds).
Test Suite 'OuroMDUpdateCoordinatorTests' passed at 2026-08-24 21:51:20.355.
	 Executed 32 tests, with 0 failures (0 unexpected) in 0.116 (0.121) seconds
Test Suite 'OuroMDUpdateInstallerTests' started at 2026-08-24 21:51:20.355.
Test Case '-[OuroMDTests.OuroMDUpdateInstallerTests testApplyScriptDoesNotDeleteBackupBeforeDestinationShapeIsProven]' started.
Test Case '-[OuroMDTests.OuroMDUpdateInstallerTests testApplyScriptDoesNotDeleteBackupBeforeDestinationShapeIsProven]' passed (0.000 seconds).
Test Case '-[OuroMDTests.OuroMDUpdateInstallerTests testApplyScriptFailsFastAroundBackupInstallAndRollback]' started.
Test Case '-[OuroMDTests.OuroMDUpdateInstallerTests testApplyScriptFailsFastAroundBackupInstallAndRollback]' passed (0.000 seconds).
Test Case '-[OuroMDTests.OuroMDUpdateInstallerTests testApplyScriptRestoresBackupWhenReplacementIsNotAnAppBundle]' started.
Test Case '-[OuroMDTests.OuroMDUpdateInstallerTests testApplyScriptRestoresBackupWhenReplacementIsNotAnAppBundle]' passed (1.698 seconds).
Test Case '-[OuroMDTests.OuroMDUpdateInstallerTests testApplyScriptRestoresStaleBackupBeforeTryingNewInstall]' started.
ditto: Cannot get the real path for source '/var/folders/nh/3z0zcc3j0xs16ys7lkh3x80c0000gp/T/ouro-apply-stale-backup-26BAAA3E-B69B-42A8-8FC2-ABDF8C0DA4D6/missing-staged/Ouro MD.app'
Test Case '-[OuroMDTests.OuroMDUpdateInstallerTests testApplyScriptRestoresStaleBackupBeforeTryingNewInstall]' passed (0.990 seconds).
Test Case '-[OuroMDTests.OuroMDUpdateInstallerTests testApplyScriptRunsInTemporaryDirectoryWithoutNestingUpdatedApp]' started.
Test Case '-[OuroMDTests.OuroMDUpdateInstallerTests testApplyScriptRunsInTemporaryDirectoryWithoutNestingUpdatedApp]' passed (3.011 seconds).
Test Case '-[OuroMDTests.OuroMDUpdateInstallerTests testInstallErrorDescriptionsAreUserReadable]' started.
Test Case '-[OuroMDTests.OuroMDUpdateInstallerTests testInstallErrorDescriptionsAreUserReadable]' passed (0.000 seconds).
Test Case '-[OuroMDTests.OuroMDUpdateInstallerTests testOneLineInstallerRollbackDoesNotSwallowRestoreFailure]' started.
Test Case '-[OuroMDTests.OuroMDUpdateInstallerTests testOneLineInstallerRollbackDoesNotSwallowRestoreFailure]' passed (0.031 seconds).
Test Case '-[OuroMDTests.OuroMDUpdateInstallerTests testStagePreservesInstallerErrorFromDataLoader]' started.
Test Case '-[OuroMDTests.OuroMDUpdateInstallerTests testStagePreservesInstallerErrorFromDataLoader]' passed (0.293 seconds).
Test Case '-[OuroMDTests.OuroMDUpdateInstallerTests testStageSucceedsAfterManifestArchiveExtractedBundleAndCodesignVerify]' started.
Test Case '-[OuroMDTests.OuroMDUpdateInstallerTests testStageSucceedsAfterManifestArchiveExtractedBundleAndCodesignVerify]' passed (0.480 seconds).
Test Case '-[OuroMDTests.OuroMDUpdateInstallerTests testStageThrowsOnArchiveNameMismatch]' started.
Test Case '-[OuroMDTests.OuroMDUpdateInstallerTests testStageThrowsOnArchiveNameMismatch]' passed (0.602 seconds).
Test Case '-[OuroMDTests.OuroMDUpdateInstallerTests testStageThrowsOnBundleIdentifierMismatch]' started.
Test Case '-[OuroMDTests.OuroMDUpdateInstallerTests testStageThrowsOnBundleIdentifierMismatch]' passed (0.532 seconds).
Test Case '-[OuroMDTests.OuroMDUpdateInstallerTests testStageThrowsOnByteCountMismatch]' started.
Test Case '-[OuroMDTests.OuroMDUpdateInstallerTests testStageThrowsOnByteCountMismatch]' passed (0.508 seconds).
Test Case '-[OuroMDTests.OuroMDUpdateInstallerTests testStageThrowsOnCodesignFailure]' started.
Test Case '-[OuroMDTests.OuroMDUpdateInstallerTests testStageThrowsOnCodesignFailure]' passed (1.419 seconds).
Test Case '-[OuroMDTests.OuroMDUpdateInstallerTests testStageThrowsOnManifestDecodeFailure]' started.
Test Case '-[OuroMDTests.OuroMDUpdateInstallerTests testStageThrowsOnManifestDecodeFailure]' passed (0.603 seconds).
Test Case '-[OuroMDTests.OuroMDUpdateInstallerTests testStageThrowsOnMissingStagedApp]' started.
Test Case '-[OuroMDTests.OuroMDUpdateInstallerTests testStageThrowsOnMissingStagedApp]' passed (0.594 seconds).
Test Case '-[OuroMDTests.OuroMDUpdateInstallerTests testStageThrowsOnNonNewerVersion]' started.
Test Case '-[OuroMDTests.OuroMDUpdateInstallerTests testStageThrowsOnNonNewerVersion]' passed (0.250 seconds).
Test Case '-[OuroMDTests.OuroMDUpdateInstallerTests testStageThrowsOnSHAMismatch]' started.
Test Case '-[OuroMDTests.OuroMDUpdateInstallerTests testStageThrowsOnSHAMismatch]' passed (0.456 seconds).
Test Case '-[OuroMDTests.OuroMDUpdateInstallerTests testStageThrowsOnStagedBundleIdentifierMismatch]' started.
Test Case '-[OuroMDTests.OuroMDUpdateInstallerTests testStageThrowsOnStagedBundleIdentifierMismatch]' passed (1.336 seconds).
Test Case '-[OuroMDTests.OuroMDUpdateInstallerTests testStageThrowsOnStagedVersionMismatch]' started.
Test Case '-[OuroMDTests.OuroMDUpdateInstallerTests testStageThrowsOnStagedVersionMismatch]' passed (1.088 seconds).
Test Case '-[OuroMDTests.OuroMDUpdateInstallerTests testStageThrowsOnUnzipFailureWithExitStatusFallback]' started.
Test Case '-[OuroMDTests.OuroMDUpdateInstallerTests testStageThrowsOnUnzipFailureWithExitStatusFallback]' passed (0.624 seconds).
Test Case '-[OuroMDTests.OuroMDUpdateInstallerTests testStageWrapsGenericDataLoaderFailureAsDownloadError]' started.
Test Case '-[OuroMDTests.OuroMDUpdateInstallerTests testStageWrapsGenericDataLoaderFailureAsDownloadError]' passed (0.370 seconds).
Test Suite 'OuroMDUpdateInstallerTests' passed at 2026-08-24 21:51:35.243.
	 Executed 21 tests, with 0 failures (0 unexpected) in 14.885 (14.888) seconds
Test Suite 'OuroMDUpdateTests' started at 2026-08-24 21:51:35.243.
Test Case '-[OuroMDTests.OuroMDUpdateTests testPlannerAcceptsOuroMDReleaseAssets]' started.
Test Case '-[OuroMDTests.OuroMDUpdateTests testPlannerAcceptsOuroMDReleaseAssets]' passed (0.000 seconds).
Test Case '-[OuroMDTests.OuroMDUpdateTests testPlannerRequiresHTTPSReleaseAssets]' started.
Test Case '-[OuroMDTests.OuroMDUpdateTests testPlannerRequiresHTTPSReleaseAssets]' passed (0.000 seconds).
Test Case '-[OuroMDTests.OuroMDUpdateTests testVerificationAcceptsNewerOuroMDManifest]' started.
Test Case '-[OuroMDTests.OuroMDUpdateTests testVerificationAcceptsNewerOuroMDManifest]' passed (0.000 seconds).
Test Case '-[OuroMDTests.OuroMDUpdateTests testVerificationIgnoresBuildIdentityForOuroMDReleases]' started.
Test Case '-[OuroMDTests.OuroMDUpdateTests testVerificationIgnoresBuildIdentityForOuroMDReleases]' passed (0.000 seconds).
Test Suite 'OuroMDUpdateTests' passed at 2026-08-24 21:51:35.245.
	 Executed 4 tests, with 0 failures (0 unexpected) in 0.001 (0.001) seconds
Test Suite 'OutlineTreeTests' started at 2026-08-24 21:51:35.245.
Test Case '-[OuroMDTests.OutlineTreeTests testHandlesLeadingDeepHeading]' started.
Test Case '-[OuroMDTests.OutlineTreeTests testHandlesLeadingDeepHeading]' passed (0.000 seconds).
Test Case '-[OuroMDTests.OutlineTreeTests testNestsByLevel]' started.
Test Case '-[OuroMDTests.OutlineTreeTests testNestsByLevel]' passed (0.000 seconds).
Test Suite 'OutlineTreeTests' passed at 2026-08-24 21:51:35.245.
	 Executed 2 tests, with 0 failures (0 unexpected) in 0.000 (0.001) seconds
Test Suite 'ReleaseUpdateTests' started at 2026-08-24 21:51:35.245.
Test Case '-[OuroMDTests.ReleaseUpdateTests testCheckerConstructionUsesOuroMDConfiguration]' started.
Test Case '-[OuroMDTests.ReleaseUpdateTests testCheckerConstructionUsesOuroMDConfiguration]' passed (0.000 seconds).
Test Case '-[OuroMDTests.ReleaseUpdateTests testCustomConfigurationFlowsIntoShellConfiguration]' started.
Test Case '-[OuroMDTests.ReleaseUpdateTests testCustomConfigurationFlowsIntoShellConfiguration]' passed (0.000 seconds).
Test Case '-[OuroMDTests.ReleaseUpdateTests testDefaultConfigurationTargetsStableOuroMDGitHubReleases]' started.
Test Case '-[OuroMDTests.ReleaseUpdateTests testDefaultConfigurationTargetsStableOuroMDGitHubReleases]' passed (0.000 seconds).
Test Case '-[OuroMDTests.ReleaseUpdateTests testReleaseDescriptorMatchesCurrentDistribution]' started.
Test Case '-[OuroMDTests.ReleaseUpdateTests testReleaseDescriptorMatchesCurrentDistribution]' passed (0.000 seconds).
Test Suite 'ReleaseUpdateTests' passed at 2026-08-24 21:51:35.247.
	 Executed 4 tests, with 0 failures (0 unexpected) in 0.001 (0.001) seconds
Test Suite 'RoundTripTests' started at 2026-08-24 21:51:35.247.
Test Case '-[OuroMDTests.RoundTripTests testStrictRawRoundTripRejectsCanonicalUnicodeNormalization]' started.
Test Case '-[OuroMDTests.RoundTripTests testStrictRawRoundTripRejectsCanonicalUnicodeNormalization]' passed (0.000 seconds).
Test Case '-[OuroMDTests.RoundTripTests testStrictRawRoundTripRejectsDroppedUTF8BOM]' started.
Test Case '-[OuroMDTests.RoundTripTests testStrictRawRoundTripRejectsDroppedUTF8BOM]' passed (0.000 seconds).
Test Case '-[OuroMDTests.RoundTripTests testStrictRawRoundTripRequiresBothEditorValuesToMatchOriginalBytes]' started.
Test Case '-[OuroMDTests.RoundTripTests testStrictRawRoundTripRequiresBothEditorValuesToMatchOriginalBytes]' passed (0.000 seconds).
Test Suite 'RoundTripTests' passed at 2026-08-24 21:51:35.247.
	 Executed 3 tests, with 0 failures (0 unexpected) in 0.001 (0.001) seconds
Test Suite 'TableLayoutPolicyTests' started at 2026-08-24 21:51:35.247.
Test Case '-[OuroMDTests.TableLayoutPolicyTests testEditorThemeLeftAlignsTablesAndCapsThemAtTheColumn]' started.
Test Case '-[OuroMDTests.TableLayoutPolicyTests testEditorThemeLeftAlignsTablesAndCapsThemAtTheColumn]' passed (0.006 seconds).
Test Case '-[OuroMDTests.TableLayoutPolicyTests testStandaloneThemeLeftAlignsTablesAndCapsThemAtTheColumn]' started.
Test Case '-[OuroMDTests.TableLayoutPolicyTests testStandaloneThemeLeftAlignsTablesAndCapsThemAtTheColumn]' passed (0.001 seconds).
Test Suite 'TableLayoutPolicyTests' passed at 2026-08-24 21:51:35.255.
	 Executed 2 tests, with 0 failures (0 unexpected) in 0.008 (0.008) seconds
Test Suite 'TerminationSaveCoordinatorTests' started at 2026-08-24 21:51:35.255.
Test Case '-[OuroMDTests.TerminationSaveCoordinatorTests testDefaultCancelHandlerIsSafeWhenSaveFails]' started.
Test Case '-[OuroMDTests.TerminationSaveCoordinatorTests testDefaultCancelHandlerIsSafeWhenSaveFails]' passed (0.001 seconds).
Test Case '-[OuroMDTests.TerminationSaveCoordinatorTests testRepliesFalseAndCancelsWhenAnySaveFails]' started.
Test Case '-[OuroMDTests.TerminationSaveCoordinatorTests testRepliesFalseAndCancelsWhenAnySaveFails]' passed (0.001 seconds).
Test Case '-[OuroMDTests.TerminationSaveCoordinatorTests testRepliesTrueImmediatelyWhenNothingIsDirty]' started.
Test Case '-[OuroMDTests.TerminationSaveCoordinatorTests testRepliesTrueImmediatelyWhenNothingIsDirty]' passed (0.000 seconds).
Test Case '-[OuroMDTests.TerminationSaveCoordinatorTests testRepliesTrueOnlyAfterAllSavesSucceed]' started.
Test Case '-[OuroMDTests.TerminationSaveCoordinatorTests testRepliesTrueOnlyAfterAllSavesSucceed]' passed (0.000 seconds).
Test Case '-[OuroMDTests.TerminationSaveCoordinatorTests testSaveFailureCancelsPendingManualUpdateBeforeQuitReply]' started.
Test Case '-[OuroMDTests.TerminationSaveCoordinatorTests testSaveFailureCancelsPendingManualUpdateBeforeQuitReply]' passed (0.002 seconds).
Test Case '-[OuroMDTests.TerminationSaveCoordinatorTests testTimeoutCancelsInsteadOfForcingQuit]' started.
Test Case '-[OuroMDTests.TerminationSaveCoordinatorTests testTimeoutCancelsInsteadOfForcingQuit]' passed (0.011 seconds).
Test Suite 'TerminationSaveCoordinatorTests' passed at 2026-08-24 21:51:35.271.
	 Executed 6 tests, with 0 failures (0 unexpected) in 0.015 (0.016) seconds
Test Suite 'ThemeAccessibilityTests' started at 2026-08-24 21:51:35.271.
Test Case '-[OuroMDTests.ThemeAccessibilityTests testBuiltInThemesMeetContrastForDocumentTextLinksAndSecondaryText]' started.
Test Case '-[OuroMDTests.ThemeAccessibilityTests testBuiltInThemesMeetContrastForDocumentTextLinksAndSecondaryText]' passed (0.001 seconds).
Test Case '-[OuroMDTests.ThemeAccessibilityTests testEditorThemesApplyAccessibleAccentToInlineAndReferenceLinks]' started.
Test Case '-[OuroMDTests.ThemeAccessibilityTests testEditorThemesApplyAccessibleAccentToInlineAndReferenceLinks]' passed (0.004 seconds).
Test Case '-[OuroMDTests.ThemeAccessibilityTests testEditorThemesRespectReducedMotionForFocusMode]' started.
Test Case '-[OuroMDTests.ThemeAccessibilityTests testEditorThemesRespectReducedMotionForFocusMode]' passed (0.003 seconds).
Test Suite 'ThemeAccessibilityTests' passed at 2026-08-24 21:51:35.278.
	 Executed 3 tests, with 0 failures (0 unexpected) in 0.007 (0.008) seconds
Test Suite 'UndoRedoRoutingTests' started at 2026-08-24 21:51:35.278.
Test Case '-[OuroMDTests.UndoRedoRoutingTests testClearRecentDocumentsUsesInjectedHandler]' started.
Test Case '-[OuroMDTests.UndoRedoRoutingTests testClearRecentDocumentsUsesInjectedHandler]' passed (0.000 seconds).
Test Case '-[OuroMDTests.UndoRedoRoutingTests testCommandPaletteMenuUsesStandardSearchableActionShortcut]' started.
Test Case '-[OuroMDTests.UndoRedoRoutingTests testCommandPaletteMenuUsesStandardSearchableActionShortcut]' passed (0.002 seconds).
Test Case '-[OuroMDTests.UndoRedoRoutingTests testCommandYRedoUsesEditorFallbackWhenFocusIsInWebEditor]' started.
Test Case '-[OuroMDTests.UndoRedoRoutingTests testCommandYRedoUsesEditorFallbackWhenFocusIsInWebEditor]' passed (0.000 seconds).
Test Case '-[OuroMDTests.UndoRedoRoutingTests testFileMenuSurfacesDocumentTruthCommands]' started.
Test Case '-[OuroMDTests.UndoRedoRoutingTests testFileMenuSurfacesDocumentTruthCommands]' passed (0.001 seconds).
Test Case '-[OuroMDTests.UndoRedoRoutingTests testHelpMenuSurfacesKeyboardShortcutsReference]' started.
Test Case '-[OuroMDTests.UndoRedoRoutingTests testHelpMenuSurfacesKeyboardShortcutsReference]' passed (0.001 seconds).
Test Case '-[OuroMDTests.UndoRedoRoutingTests testHelpMenuSurfacesVersionAndUpdateCommands]' started.
Test Case '-[OuroMDTests.UndoRedoRoutingTests testHelpMenuSurfacesVersionAndUpdateCommands]' passed (0.001 seconds).
Test Case '-[OuroMDTests.UndoRedoRoutingTests testMenuValidationChecksRecentItemsAndDefaults]' started.
Test Case '-[OuroMDTests.UndoRedoRoutingTests testMenuValidationChecksRecentItemsAndDefaults]' passed (0.000 seconds).
Test Case '-[OuroMDTests.UndoRedoRoutingTests testMenuValidationDisablesEditorOnlyCommandsWithoutAWindow]' started.
Test Case '-[OuroMDTests.UndoRedoRoutingTests testMenuValidationDisablesEditorOnlyCommandsWithoutAWindow]' passed (0.000 seconds).
Test Case '-[OuroMDTests.UndoRedoRoutingTests testMenuValidationEnablesDocumentTruthCommandsFromCurrentDocumentState]' started.
Test Case '-[OuroMDTests.UndoRedoRoutingTests testMenuValidationEnablesDocumentTruthCommandsFromCurrentDocumentState]' passed (1.210 seconds).
Test Case '-[OuroMDTests.UndoRedoRoutingTests testMenuValidationKeepsGlobalCommandsEnabledWithoutAWindow]' started.
Test Case '-[OuroMDTests.UndoRedoRoutingTests testMenuValidationKeepsGlobalCommandsEnabledWithoutAWindow]' passed (0.000 seconds).
Test Case '-[OuroMDTests.UndoRedoRoutingTests testRecentMenuDelegateShowsEmptyStateFromInjectedProvider]' started.
Test Case '-[OuroMDTests.UndoRedoRoutingTests testRecentMenuDelegateShowsEmptyStateFromInjectedProvider]' passed (0.000 seconds).
Test Case '-[OuroMDTests.UndoRedoRoutingTests testRecentMenuDelegateUsesInjectedRecentProvider]' started.
Test Case '-[OuroMDTests.UndoRedoRoutingTests testRecentMenuDelegateUsesInjectedRecentProvider]' passed (0.000 seconds).
Test Case '-[OuroMDTests.UndoRedoRoutingTests testRedoDoesNotFallThroughWhenNativeTextViewHasEmptyStack]' started.
Test Case '-[OuroMDTests.UndoRedoRoutingTests testRedoDoesNotFallThroughWhenNativeTextViewHasEmptyStack]' passed (0.000 seconds).
Test Case '-[OuroMDTests.UndoRedoRoutingTests testShortcutMonitorHandlesNSApplicationSendEventBeforeMenuDispatch]' started.
Test Case '-[OuroMDTests.UndoRedoRoutingTests testShortcutMonitorHandlesNSApplicationSendEventBeforeMenuDispatch]' passed (0.008 seconds).
Test Case '-[OuroMDTests.UndoRedoRoutingTests testShortcutParserRecognizesMacUndoRedoKeystrokes]' started.
Test Case '-[OuroMDTests.UndoRedoRoutingTests testShortcutParserRecognizesMacUndoRedoKeystrokes]' passed (0.000 seconds).
Test Case '-[OuroMDTests.UndoRedoRoutingTests testShortcutParserRejectsModifiedNonUndoRedoKeystrokes]' started.
Test Case '-[OuroMDTests.UndoRedoRoutingTests testShortcutParserRejectsModifiedNonUndoRedoKeystrokes]' passed (0.000 seconds).
Test Case '-[OuroMDTests.UndoRedoRoutingTests testUndoAndRedoFallBackForTextViewsInsideWebView]' started.
Test Case '-[OuroMDTests.UndoRedoRoutingTests testUndoAndRedoFallBackForTextViewsInsideWebView]' passed (0.005 seconds).
Test Case '-[OuroMDTests.UndoRedoRoutingTests testUndoAndRedoFallBackWhenResponderIsNotNativeTextView]' started.
Test Case '-[OuroMDTests.UndoRedoRoutingTests testUndoAndRedoFallBackWhenResponderIsNotNativeTextView]' passed (0.000 seconds).
Test Case '-[OuroMDTests.UndoRedoRoutingTests testUndoAndRedoMenuItemsTargetNativeAppDelegateSelectors]' started.
Test Case '-[OuroMDTests.UndoRedoRoutingTests testUndoAndRedoMenuItemsTargetNativeAppDelegateSelectors]' passed (0.001 seconds).
Test Case '-[OuroMDTests.UndoRedoRoutingTests testUndoAndRedoUseNativeTextViewManagerWhenAvailable]' started.
Test Case '-[OuroMDTests.UndoRedoRoutingTests testUndoAndRedoUseNativeTextViewManagerWhenAvailable]' passed (0.000 seconds).
Test Case '-[OuroMDTests.UndoRedoRoutingTests testUndoDoesNotFallThroughWhenNativeTextViewHasEmptyStack]' started.
Test Case '-[OuroMDTests.UndoRedoRoutingTests testUndoDoesNotFallThroughWhenNativeTextViewHasEmptyStack]' passed (0.000 seconds).
Test Case '-[OuroMDTests.UndoRedoRoutingTests testViewSearchMenuTargetsSidebarSearch]' started.
Test Case '-[OuroMDTests.UndoRedoRoutingTests testViewSearchMenuTargetsSidebarSearch]' passed (0.002 seconds).
Test Suite 'UndoRedoRoutingTests' passed at 2026-08-24 21:51:36.514.
	 Executed 22 tests, with 0 failures (0 unexpected) in 1.234 (1.236) seconds
Test Suite 'ouro-mdPackageTests.xctest' passed at 2026-08-24 21:51:36.514.
	 Executed 354 tests, with 0 failures (0 unexpected) in 162.794 (162.841) seconds
Test Suite 'All tests' passed at 2026-08-24 21:51:36.515.
	 Executed 354 tests, with 0 failures (0 unexpected) in 162.794 (162.843) seconds
◇ Test run started.
↳ Testing Library Version: 1902
↳ Target Platform: arm64e-apple-macos14.0
✔ Test run with 0 tests in 0 suites passed after 0.001 seconds.

==> slowest XCTest cases (top 15)
 14.460s  passed  -[OuroMDTests.FolderBrowserTests testLargeWorkspaceBudgetSkipsOversizedHiddenAndSymlinkedFiles]
  7.962s  passed  -[OuroMDTests.FolderBrowserTests testDeepTreeReportsTruncationAtDepthCap]
  7.809s  passed  -[OuroMDAppSupportTests.DocumentTruthTests testRealGitClassifiesNestedTrackedModifiedFile]
  5.249s  passed  -[OuroMDTests.FolderBrowserTests testSnapshotProvidesTreeAndFlatViewsFromOneAPI]
  4.521s  passed  -[OuroMDTests.OuroMDAppStorePackageReadinessTests testPackageReadinessWritesStructuredNonSecretArtifact]
  3.697s  passed  -[OuroMDTests.FolderBrowserTests testUnusualNamesDuplicateBasenamesAndSymlinkedMarkdownAreHandled]
  3.484s  passed  -[OuroMDTests.FolderBrowserTests testSymlinkCycleDoesNotCrashOrRecurse]
  3.382s  passed  -[OuroMDTests.AppModelReloadTests testFailedDirtySaveAsRestoresPreviousURL]
  3.118s  passed  -[OuroMDTests.FolderBrowserTests testOpenFolderPopulatesModelAndFilter]
  3.011s  passed  -[OuroMDTests.OuroMDUpdateInstallerTests testApplyScriptRunsInTemporaryDirectoryWithoutNestingUpdatedApp]
  2.670s  passed  -[OuroMDTests.FolderBrowserTests testReadsNonUTF8File]
  2.511s  passed  -[OuroMDTests.FolderBrowserTests testNameSortIsNatural]
  2.443s  passed  -[OuroMDTests.FolderBrowserTests testTreeGroupsDirsFirstAndPrunesEmpties]
  2.279s  passed  -[OuroMDTests.MarkdownRendererTests testImageSourcesAreEscapedOrInlined]
  2.259s  passed  -[OuroMDTests.FolderBrowserTests testFlatListIncludesOnlyOpenableFiles]
==> swift test --enable-code-coverage
==> swift test --enable-code-coverage
[0/1] Planning build
Building for debugging...
[0/6] Write swift-version--58304C5D6DBC2206.txt
[2/89] Compiling OuroMDCore OuroMDRelease.swift
[3/89] Compiling OuroAppShellCore ShellBoundary.swift
[4/89] Compiling OuroMDCore HeadingAnchor.swift
[5/89] Compiling OuroMDCore HTMLDocument.swift
[6/89] Emitting module OuroMDCore
[7/89] Compiling OuroMDCore MarkdownTidy.swift
[8/89] Compiling OuroMDAppSupport CommandPaletteCatalog.swift
[9/89] Compiling OuroAppShellCore ReleaseVersionIdentity.swift
[10/89] Compiling OuroMDAppSupport DocumentLink.swift
[11/89] Emitting module OuroMDAppSupport
[12/89] Compiling OuroMDAppSupport DocumentTruth.swift
[13/89] Emitting module OuroAppShellCore
[14/89] Compiling OuroAppShellCore ReleaseUpdatePolicy.swift
[15/89] Compiling OuroAppShellCore ReleaseUpdate.swift
[16/89] Compiling Markdown BasicBlockContainer.swift
[17/89] Compiling Markdown BasicInlineContainer.swift
[18/89] Compiling Markdown BlockContainer.swift
[19/89] Compiling Markdown BlockMarkup.swift
[20/89] Compiling Markdown InlineContainer.swift
[21/89] Compiling Markdown InlineMarkup.swift
[22/98] Emitting module Markdown
[23/98] Compiling OuroAppShellCore AppUpdate.swift
[24/98] Compiling OuroAppShellCore AppIdentity.swift
[25/98] Compiling OuroAppShellCore ReleaseAssetNamingPolicy.swift
[26/98] Compiling Markdown ListItemContainer.swift
[27/98] Compiling Markdown AtomicCounter.swift
[28/98] Compiling Markdown CharacterExtensions.swift
[29/98] Compiling Markdown CollectionExtensions.swift
[30/98] Compiling Markdown StringExtensions.swift
[31/98] Compiling Markdown Link.swift
[32/98] Compiling Markdown Strikethrough.swift
[33/98] Compiling Markdown Strong.swift
[34/98] Compiling Markdown CustomInline.swift
[35/98] Compiling Markdown InlineCode.swift
[36/98] Compiling Markdown InlineHTML.swift
[37/98] Compiling Markdown MarkupData.swift
[38/98] Compiling Markdown PlainTextConvertibleMarkup.swift
[39/98] Compiling Markdown RawMarkup.swift
[40/98] Compiling Markdown BlockDirective.swift
[41/98] Compiling Markdown BlockQuote.swift
[42/98] Compiling Markdown CustomBlock.swift
[43/98] Compiling Markdown ChildIndexPath.swift
[44/98] Compiling Markdown DirectiveArgument.swift
[45/98] Compiling Markdown Document.swift
[46/98] Compiling Markdown LiteralMarkup.swift
[47/98] Compiling Markdown Markup.swift
[48/98] Compiling Markdown MarkupChildren.swift
[49/98] Compiling Markdown OrderedList.swift
[50/98] Compiling Markdown UnorderedList.swift
[51/98] Compiling Markdown Paragraph.swift
[52/98] Compiling Markdown CodeBlock.swift
[53/98] Compiling Markdown HTMLBlock.swift
[54/98] Compiling Markdown Heading.swift
[55/98] Compiling Markdown TableRow.swift
[56/98] Compiling Markdown Replacement.swift
[57/98] Compiling Markdown SourceLocation.swift
[58/98] Compiling Markdown Emphasis.swift
[59/98] Compiling Markdown Image.swift
[60/98] Compiling Markdown InlineAttributes.swift
[61/98] Compiling Markdown ThematicBreak.swift
[62/98] Compiling Markdown Table.swift
[63/98] Compiling Markdown TableBody.swift
[64/98] Compiling Markdown TableCell.swift
[65/98] Compiling Markdown TableCellContainer.swift
[66/98] Compiling Markdown TableHead.swift
[67/107] Compiling Markdown CommonMarkConverter.swift
[68/107] Compiling Markdown LazySplitLines.swift
[69/107] Compiling Markdown ParseOptions.swift
[70/107] Compiling Markdown RangeAdjuster.swift
[71/107] Compiling Markdown RangerTracker.swift
[72/107] Compiling Markdown MarkupRewriter.swift
[73/107] Compiling Markdown DoxygenAbstract.swift
[74/107] Compiling Markdown DoxygenDiscussion.swift
[75/107] Compiling Markdown DoxygenNote.swift
[76/107] Compiling Markdown DoxygenParameter.swift
[77/107] Compiling Markdown DoxygenReturns.swift
[78/107] Compiling Markdown ListItem.swift
[79/107] Compiling OuroMDAppSupportTests DocumentLinkTests.swift
[80/107] Compiling OuroMDAppSupportTests CommandPaletteCatalogTests.swift
[81/107] Emitting module OuroMDAppSupportTests
[82/107] Compiling OuroMDAppSupportTests DocumentTruthTests.swift
[83/107] Compiling Markdown LineBreak.swift
[84/107] Compiling Markdown SoftBreak.swift
[85/107] Compiling Markdown SymbolLink.swift
[86/107] Compiling Markdown Text.swift
[87/107] Compiling Markdown Aside.swift
[88/107] Compiling Markdown BlockDirectiveParser.swift
[89/107] Compiling OuroAppShellContract OuroAppShellContract.swift
[90/107] Emitting module OuroAppShellContract
[91/107] Compiling Markdown MarkupVisitor.swift
[92/107] Compiling Markdown MarkupWalker.swift
[93/107] Compiling Markdown HTMLFormatter.swift
[94/107] Compiling Markdown MarkupFormatter.swift
[95/107] Compiling Markdown MarkupTreeDumper.swift
[96/107] Compiling OuroAppShellUI UpdateInstalledConfirmationView.swift
[97/107] Compiling OuroAppShellUI ReleaseUpdateViewState.swift
[98/107] Compiling OuroAppShellUI AppShellCommandReferenceView.swift
[99/107] Compiling OuroAppShellUI ReleaseUpdateControls.swift
[100/109] Compiling OuroAppShellUI AppShellAboutModel.swift
[101/109] Emitting module OuroAppShellUI
[102/109] Compiling OuroAppShellUI AppShellAboutView.swift
[103/109] Compiling OuroAppShellConsumerTesting OuroAppShellContractAssertions.swift
[104/109] Emitting module OuroAppShellConsumerTesting
[105/111] Emitting module OuroAppShellAppKit
[106/111] Compiling OuroAppShellAppKit AppShellWindowPresenter.swift
[107/167] Compiling OuroMD RenderProbe.swift
[108/167] Compiling OuroMD RoundTrip.swift
[109/167] Compiling OuroMD SearchRevealTest.swift
[110/167] Compiling OuroMD SecurityScopedResourceStore.swift
[111/167] Compiling OuroMD SelectionBlurTest.swift
[112/171] Compiling OuroMD EditorWebView.swift
[113/171] Compiling OuroMD Export.swift
[114/171] Compiling OuroMD FileWatcher.swift
[115/171] Compiling OuroMD FirstLaunchTest.swift
[116/171] Compiling OuroMD FolderBrowser.swift
[117/171] Compiling OuroMD FolderDisplay.swift
[118/171] Compiling OuroMD HeadlessHarness.swift
[119/171] Compiling OuroMD LinkTest.swift
[120/171] Compiling OuroMD LiveUpdateTest.swift
[121/171] Compiling OuroMD MarkdownParityTest.swift
[122/171] Compiling OuroMD MarkdownRenderer.swift
[123/171] Compiling OuroMD MenuBuilder.swift
[124/171] Compiling OuroMD MermaidClipTest.swift
[125/171] Compiling OuroMD OuroMDDistribution.swift
[126/171] Compiling OuroMD OuroMDShellAdapter.swift
[127/171] Compiling OuroMD UISurfaceTest.swift
[128/171] Compiling OuroMD UndoRedoCommandRouter.swift
[129/171] Compiling OuroMD UndoTest.swift
[130/171] Compiling OuroMD VisualQATest.swift
[131/171] Compiling OuroMD Welcome.swift
[132/171] Compiling OuroMD CopyFlavorTest.swift
[133/171] Compiling OuroMD DarkDiagramTest.swift
[134/171] Compiling OuroMD DocumentTruthProcessRunner.swift
[135/171] Compiling OuroMD DocumentWindowController.swift
[136/171] Compiling OuroMD EditorSurfaceTest.swift
[137/171] Emitting module OuroMD
[138/171] Compiling OuroMD OuroResources.swift
[139/171] Compiling OuroMD PerformanceProbe.swift
[140/171] Compiling OuroMD RawHTMLHeadingNormalizer.swift
[141/171] Compiling OuroMD ReleaseUpdate.swift
[142/171] Compiling OuroMD ReloadRenderTest.swift
[143/171] Compiling OuroMD WrapGlueProbe.swift
[144/171] Compiling OuroMD WrapTest.swift
[145/171] Compiling OuroMD main.swift
[146/171] Compiling OuroMD resource_bundle_accessor.swift
[147/171] Compiling OuroMD OuroMDShellContract.swift
[148/171] Compiling OuroMD OuroMDTelemetry.swift
[149/171] Compiling OuroMD OuroMDUpdate.swift
[150/171] Compiling OuroMD OuroMDUpdateCoordinator.swift
[151/171] Compiling OuroMD OuroMDUpdateInstaller.swift
[152/171] Compiling OuroMD Sidebar.swift
[153/171] Compiling OuroMD Snapshot.swift
[154/171] Compiling OuroMD TableWrapTest.swift
[155/171] Compiling OuroMD TerminationSaveCoordinator.swift
[156/171] Compiling OuroMD Themes.swift
[157/171] Compiling OuroMD CLI.swift
[158/171] Compiling OuroMD CodeWrapTest.swift
[159/171] Compiling OuroMD CommandPaletteCatalogAdapter.swift
[160/171] Compiling OuroMD ContentSearcher.swift
[161/171] Compiling OuroMD ContentView.swift
[162/171] Compiling OuroMD AccessibilityAuditTest.swift
[163/171] Compiling OuroMD AlertMarkerTest.swift
[164/171] Compiling OuroMD AppDelegate.swift
[165/171] Compiling OuroMD AppInfoView.swift
[166/171] Compiling OuroMD AppModel.swift
[166/171] Write Objects.LinkFileList
[167/171] Linking ouro-md
[168/171] Applying ouro-md
[170/205] Emitting module OuroMDTests
[171/207] Compiling OuroMDTests RoundTripTests.swift
[172/207] Compiling OuroMDTests TableLayoutPolicyTests.swift
[173/207] Compiling OuroMDTests TerminationSaveCoordinatorTests.swift
[174/207] Compiling OuroMDTests OuroMDDistributionTests.swift
[175/207] Compiling OuroMDTests OuroMDPositioningTests.swift
[176/207] Compiling OuroMDTests OuroMDShellContractTests.swift
[177/207] Compiling OuroMDTests AppDelegateLaunchTests.swift
[178/207] Compiling OuroMDTests AppDelegateWindowRoutingTests.swift
[179/207] Compiling OuroMDTests AppModelDeletionTests.swift
[180/207] Compiling OuroMDTests FolderDisplayTests.swift
[181/207] Compiling OuroMDTests HTMLDocumentTests.swift
[182/207] Compiling OuroMDTests MarkdownRendererTests.swift
[183/207] Compiling OuroMDTests ContentSearcherTests.swift
[184/207] Compiling OuroMDTests DocumentWindowControllerTests.swift
[185/207] Compiling OuroMDTests EditorWebViewTests.swift
[186/207] Compiling OuroMDTests OuroMDUpdateTests.swift
[187/207] Compiling OuroMDTests OutlineTreeTests.swift
[188/207] Compiling OuroMDTests ReleaseUpdateTests.swift
[189/207] Compiling OuroMDTests OuroMDAppStoreRequestPlanTests.swift
[190/207] Compiling OuroMDTests OuroMDAppStoreScreenshotTests.swift
[191/207] Compiling OuroMDTests OuroMDAppStoreStatusTests.swift
[192/207] Compiling OuroMDTests AppModelDocumentTruthTests.swift
[193/207] Compiling OuroMDTests AppModelReloadTests.swift
[194/207] Compiling OuroMDTests CommandPaletteTests.swift
[195/207] Compiling OuroMDTests FileWatcherLiveReloadTests.swift
[196/207] Compiling OuroMDTests FileWatcherTests.swift
[197/207] Compiling OuroMDTests FolderBrowserTests.swift
[198/207] Compiling OuroMDTests MarkdownTidyTests.swift
[199/207] Compiling OuroMDTests OuroMDAppStoreApplyPlanTests.swift
[200/207] Compiling OuroMDTests OuroMDAppStorePackageReadinessTests.swift
[201/207] Compiling OuroMDTests ThemeAccessibilityTests.swift
[202/207] Compiling OuroMDTests UndoRedoRoutingTests.swift
[203/207] Compiling OuroMDTests OuroMDTelemetryTests.swift
[204/207] Compiling OuroMDTests OuroMDUpdateCoordinatorTests.swift
[205/207] Compiling OuroMDTests OuroMDUpdateInstallerTests.swift
[206/209] Compiling ouro_mdPackageTests runner.swift
[207/209] Emitting module ouro_mdPackageTests
[207/209] Write Objects.LinkFileList
[208/209] Linking ouro-mdPackageTests
Build complete! (11.95s)
Test Suite 'All tests' started at 2026-08-24 21:51:49.710.
Test Suite 'ouro-mdPackageTests.xctest' started at 2026-08-24 21:51:49.711.
Test Suite 'AppDelegateLaunchTests' started at 2026-08-24 21:51:49.711.
Test Case '-[OuroMDTests.AppDelegateLaunchTests testOpensNewDocumentWhenNothingToRestore]' started.
Test Case '-[OuroMDTests.AppDelegateLaunchTests testOpensNewDocumentWhenNothingToRestore]' passed (0.001 seconds).
Test Case '-[OuroMDTests.AppDelegateLaunchTests testRestoresSessionWhenOneExistsAndNoDocumentOpened]' started.
Test Case '-[OuroMDTests.AppDelegateLaunchTests testRestoresSessionWhenOneExistsAndNoDocumentOpened]' passed (0.000 seconds).
Test Case '-[OuroMDTests.AppDelegateLaunchTests testSkipsFallbackWhenADocumentAlreadyOpened]' started.
Test Case '-[OuroMDTests.AppDelegateLaunchTests testSkipsFallbackWhenADocumentAlreadyOpened]' passed (0.000 seconds).
Test Suite 'AppDelegateLaunchTests' passed at 2026-08-24 21:51:49.713.
	 Executed 3 tests, with 0 failures (0 unexpected) in 0.001 (0.002) seconds
Test Suite 'AppDelegateWindowRoutingTests' started at 2026-08-24 21:51:49.713.
Test Case '-[OuroMDTests.AppDelegateWindowRoutingTests testApplicationOpenReusesCleanUntitledFrontWindowThenOpensNewWindows]' started.
Test Case '-[OuroMDTests.AppDelegateWindowRoutingTests testApplicationOpenReusesCleanUntitledFrontWindowThenOpensNewWindows]' passed (0.665 seconds).
Test Case '-[OuroMDTests.AppDelegateWindowRoutingTests testLinkedMarkdownDocumentOpensInAnotherWindowAndReusesIt]' started.
Test Case '-[OuroMDTests.AppDelegateWindowRoutingTests testLinkedMarkdownDocumentOpensInAnotherWindowAndReusesIt]' passed (0.364 seconds).
Test Case '-[OuroMDTests.AppDelegateWindowRoutingTests testLinkedMarkdownReportsUnreadableAfterSandboxGrant]' started.
Test Case '-[OuroMDTests.AppDelegateWindowRoutingTests testLinkedMarkdownReportsUnreadableAfterSandboxGrant]' passed (0.163 seconds).
Test Case '-[OuroMDTests.AppDelegateWindowRoutingTests testLinkedMarkdownRequestsSandboxAccessBeforeOpening]' started.
Test Case '-[OuroMDTests.AppDelegateWindowRoutingTests testLinkedMarkdownRequestsSandboxAccessBeforeOpening]' passed (0.289 seconds).
Test Case '-[OuroMDTests.AppDelegateWindowRoutingTests testPendingAnchorIsClearedWhenDocumentIdentityChanges]' started.
Test Case '-[OuroMDTests.AppDelegateWindowRoutingTests testPendingAnchorIsClearedWhenDocumentIdentityChanges]' passed (0.000 seconds).
Test Case '-[OuroMDTests.AppDelegateWindowRoutingTests testSaveAndRenameCommandsTargetKeyWindowOnly]' started.
Test Case '-[OuroMDTests.AppDelegateWindowRoutingTests testSaveAndRenameCommandsTargetKeyWindowOnly]' passed (0.456 seconds).
Test Case '-[OuroMDTests.AppDelegateWindowRoutingTests testSidebarAndThemeCommandsTargetKeyWindowOnly]' started.
Test Case '-[OuroMDTests.AppDelegateWindowRoutingTests testSidebarAndThemeCommandsTargetKeyWindowOnly]' passed (0.294 seconds).
Test Suite 'AppDelegateWindowRoutingTests' passed at 2026-08-24 21:51:51.944.
	 Executed 7 tests, with 0 failures (0 unexpected) in 2.230 (2.231) seconds
Test Suite 'AppModelDeletionTests' started at 2026-08-24 21:51:51.944.
Test Case '-[OuroMDTests.AppModelDeletionTests testDeletedFileSurfacesAsDeletedNotAsUnsavedEdit]' started.
Test Case '-[OuroMDTests.AppModelDeletionTests testDeletedFileSurfacesAsDeletedNotAsUnsavedEdit]' passed (0.897 seconds).
Test Case '-[OuroMDTests.AppModelDeletionTests testRecreatedFileClearsDeletedMarker]' started.
Test Case '-[OuroMDTests.AppModelDeletionTests testRecreatedFileClearsDeletedMarker]' passed (1.615 seconds).
Test Case '-[OuroMDTests.AppModelDeletionTests testTransientAtomicSaveGapIsNotFlaggedAsDeleted]' started.
Test Case '-[OuroMDTests.AppModelDeletionTests testTransientAtomicSaveGapIsNotFlaggedAsDeleted]' passed (1.897 seconds).
Test Suite 'AppModelDeletionTests' passed at 2026-08-24 21:51:56.354.
	 Executed 3 tests, with 0 failures (0 unexpected) in 4.409 (4.410) seconds
Test Suite 'AppModelDocumentTruthTests' started at 2026-08-24 21:51:56.354.
Test Case '-[OuroMDTests.AppModelDocumentTruthTests testDeletedAndRestoredFilesRefreshTruthWithoutMarkingGitCertainty]' started.
Test Case '-[OuroMDTests.AppModelDocumentTruthTests testDeletedAndRestoredFilesRefreshTruthWithoutMarkingGitCertainty]' passed (0.181 seconds).
Test Case '-[OuroMDTests.AppModelDocumentTruthTests testExternalReloadRefreshesTruthAfterAgentWritesFile]' started.
Test Case '-[OuroMDTests.AppModelDocumentTruthTests testExternalReloadRefreshesTruthAfterAgentWritesFile]' passed (0.161 seconds).
Test Case '-[OuroMDTests.AppModelDocumentTruthTests testTruthRefreshesAcrossWelcomeLoadDirtySaveRenameSaveAsAndNewDocument]' started.
Test Case '-[OuroMDTests.AppModelDocumentTruthTests testTruthRefreshesAcrossWelcomeLoadDirtySaveRenameSaveAsAndNewDocument]' passed (0.140 seconds).
Test Suite 'AppModelDocumentTruthTests' passed at 2026-08-24 21:51:56.836.
	 Executed 3 tests, with 0 failures (0 unexpected) in 0.481 (0.482) seconds
Test Suite 'AppModelReloadTests' started at 2026-08-24 21:51:56.836.
Test Case '-[OuroMDTests.AppModelReloadTests testAppearanceSelectionRemembersLightThemeAcrossModelRecreation]' started.
Test Case '-[OuroMDTests.AppModelReloadTests testAppearanceSelectionRemembersLightThemeAcrossModelRecreation]' passed (0.002 seconds).
Test Case '-[OuroMDTests.AppModelReloadTests testCleanPerformSaveCompletesWithoutRoundTripThroughEditor]' started.
Test Case '-[OuroMDTests.AppModelReloadTests testCleanPerformSaveCompletesWithoutRoundTripThroughEditor]' passed (0.205 seconds).
Test Case '-[OuroMDTests.AppModelReloadTests testCleanSaveDoesNotRoundTripThroughEditor]' started.
Test Case '-[OuroMDTests.AppModelReloadTests testCleanSaveDoesNotRoundTripThroughEditor]' passed (0.293 seconds).
Test Case '-[OuroMDTests.AppModelReloadTests testDirtyFormattingOnlySaveDoesNotRestoreOriginalBytes]' started.
Test Case '-[OuroMDTests.AppModelReloadTests testDirtyFormattingOnlySaveDoesNotRestoreOriginalBytes]' passed (0.705 seconds).
Test Case '-[OuroMDTests.AppModelReloadTests testEditorCrashRecoveryEmitsCompletionAfterRecoveredContentReachesBridge]' started.
Test Case '-[OuroMDTests.AppModelReloadTests testEditorCrashRecoveryEmitsCompletionAfterRecoveredContentReachesBridge]' passed (0.283 seconds).
Test Case '-[OuroMDTests.AppModelReloadTests testExternalEditBeforeEditorReadyQueuesReloadWithoutFalseCompletion]' started.
Test Case '-[OuroMDTests.AppModelReloadTests testExternalEditBeforeEditorReadyQueuesReloadWithoutFalseCompletion]' passed (0.543 seconds).
Test Case '-[OuroMDTests.AppModelReloadTests testExternalEditTriggersLiveReload]' started.
Test Case '-[OuroMDTests.AppModelReloadTests testExternalEditTriggersLiveReload]' passed (0.549 seconds).
Test Case '-[OuroMDTests.AppModelReloadTests testFailedDirtySaveAsRestoresPreviousURL]' started.
Test Case '-[OuroMDTests.AppModelReloadTests testFailedDirtySaveAsRestoresPreviousURL]' passed (0.807 seconds).
Test Case '-[OuroMDTests.AppModelReloadTests testFailedSaveAsRestoresPreviousURL]' started.
Test Case '-[OuroMDTests.AppModelReloadTests testFailedSaveAsRestoresPreviousURL]' passed (0.566 seconds).
Test Case '-[OuroMDTests.AppModelReloadTests testInitialUnreadableFileShowsErrorAndLoadsWelcome]' started.
Test Case '-[OuroMDTests.AppModelReloadTests testInitialUnreadableFileShowsErrorAndLoadsWelcome]' passed (0.122 seconds).
Test Case '-[OuroMDTests.AppModelReloadTests testInvalidFolderRegexSetsVisibleSearchError]' started.
Test Case '-[OuroMDTests.AppModelReloadTests testInvalidFolderRegexSetsVisibleSearchError]' passed (0.008 seconds).
Test Case '-[OuroMDTests.AppModelReloadTests testOpenFailureTelemetryIsCoarse]' started.
Test Case '-[OuroMDTests.AppModelReloadTests testOpenFailureTelemetryIsCoarse]' passed (0.018 seconds).
Test Case '-[OuroMDTests.AppModelReloadTests testOwnSaveDoesNotSelfReload]' started.
Test Case '-[OuroMDTests.AppModelReloadTests testOwnSaveDoesNotSelfReload]' passed (1.912 seconds).
Test Case '-[OuroMDTests.AppModelReloadTests testRenameCaseOnlyIsAllowed]' started.
Test Case '-[OuroMDTests.AppModelReloadTests testRenameCaseOnlyIsAllowed]' passed (0.358 seconds).
Test Case '-[OuroMDTests.AppModelReloadTests testRenameMovesFileAndRetargetsModel]' started.
Test Case '-[OuroMDTests.AppModelReloadTests testRenameMovesFileAndRetargetsModel]' passed (0.385 seconds).
Test Case '-[OuroMDTests.AppModelReloadTests testRenameRefusesCollision]' started.
Test Case '-[OuroMDTests.AppModelReloadTests testRenameRefusesCollision]' passed (0.380 seconds).
Test Case '-[OuroMDTests.AppModelReloadTests testRenameWithoutExtensionKeepsOriginal]' started.
Test Case '-[OuroMDTests.AppModelReloadTests testRenameWithoutExtensionKeepsOriginal]' passed (0.385 seconds).
Test Case '-[OuroMDTests.AppModelReloadTests testSaveAsCleanDocumentWritesNewDestination]' started.
Test Case '-[OuroMDTests.AppModelReloadTests testSaveAsCleanDocumentWritesNewDestination]' passed (1.033 seconds).
Test Case '-[OuroMDTests.AppModelReloadTests testSaveAsCleanNonUTF8DocumentCopiesOriginalBytes]' started.
Test Case '-[OuroMDTests.AppModelReloadTests testSaveAsCleanNonUTF8DocumentCopiesOriginalBytes]' passed (0.980 seconds).
Test Case '-[OuroMDTests.AppModelReloadTests testSaveAsDirtyDocumentWritesEditorBuffer]' started.
Test Case '-[OuroMDTests.AppModelReloadTests testSaveAsDirtyDocumentWritesEditorBuffer]' passed (1.235 seconds).
Test Case '-[OuroMDTests.AppModelReloadTests testSaveBeforeEditorReadyDoesNotEmptyFile]' started.
Test Case '-[OuroMDTests.AppModelReloadTests testSaveBeforeEditorReadyDoesNotEmptyFile]' passed (0.914 seconds).
Test Case '-[OuroMDTests.AppModelReloadTests testSaveWhenEditorValueUnavailableEmitsCoarseTelemetry]' started.
Test Case '-[OuroMDTests.AppModelReloadTests testSaveWhenEditorValueUnavailableEmitsCoarseTelemetry]' passed (1.189 seconds).
Test Case '-[OuroMDTests.AppModelReloadTests testSaveWithoutBridgeEmitsCoarseTelemetry]' started.
Test Case '-[OuroMDTests.AppModelReloadTests testSaveWithoutBridgeEmitsCoarseTelemetry]' passed (1.262 seconds).
Test Case '-[OuroMDTests.AppModelReloadTests testSearchSnippetClickRevealsCurrentFileMatch]' started.
Test Case '-[OuroMDTests.AppModelReloadTests testSearchSnippetClickRevealsCurrentFileMatch]' passed (1.008 seconds).
Test Case '-[OuroMDTests.AppModelReloadTests testSearchSnippetRevealUsesTrimmedQueryForPaddedFolderSearch]' started.
Test Case '-[OuroMDTests.AppModelReloadTests testSearchSnippetRevealUsesTrimmedQueryForPaddedFolderSearch]' passed (0.974 seconds).
Test Suite 'AppModelReloadTests' passed at 2026-08-24 21:52:12.956.
	 Executed 25 tests, with 0 failures (0 unexpected) in 16.117 (16.120) seconds
Test Suite 'CommandPaletteCatalogTests' started at 2026-08-24 21:52:12.956.
Test Case '-[OuroMDAppSupportTests.CommandPaletteCatalogTests testCatalogCarriesShortcutMetadataForPowerUserDiscovery]' started.
Test Case '-[OuroMDAppSupportTests.CommandPaletteCatalogTests testCatalogCarriesShortcutMetadataForPowerUserDiscovery]' passed (0.000 seconds).
Test Case '-[OuroMDAppSupportTests.CommandPaletteCatalogTests testCatalogFiltersByMultipleTermsShortcutAliasesAndLimits]' started.
Test Case '-[OuroMDAppSupportTests.CommandPaletteCatalogTests testCatalogFiltersByMultipleTermsShortcutAliasesAndLimits]' passed (0.004 seconds).
Test Case '-[OuroMDAppSupportTests.CommandPaletteCatalogTests testCatalogHonorsResultLimit]' started.
Test Case '-[OuroMDAppSupportTests.CommandPaletteCatalogTests testCatalogHonorsResultLimit]' passed (0.000 seconds).
Test Case '-[OuroMDAppSupportTests.CommandPaletteCatalogTests testCatalogIncludesDocumentTruthCommands]' started.
Test Case '-[OuroMDAppSupportTests.CommandPaletteCatalogTests testCatalogIncludesDocumentTruthCommands]' passed (0.001 seconds).
Test Case '-[OuroMDAppSupportTests.CommandPaletteCatalogTests testCatalogIncludesThemeCommandsFromDescriptors]' started.
Test Case '-[OuroMDAppSupportTests.CommandPaletteCatalogTests testCatalogIncludesThemeCommandsFromDescriptors]' passed (0.000 seconds).
Test Suite 'CommandPaletteCatalogTests' passed at 2026-08-24 21:52:12.963.
	 Executed 5 tests, with 0 failures (0 unexpected) in 0.006 (0.007) seconds
Test Suite 'CommandPaletteTests' started at 2026-08-24 21:52:12.963.
Test Case '-[OuroMDTests.CommandPaletteTests testCatalogCarriesShortcutMetadataForPowerUserDiscovery]' started.
Test Case '-[OuroMDTests.CommandPaletteTests testCatalogCarriesShortcutMetadataForPowerUserDiscovery]' passed (0.000 seconds).
Test Case '-[OuroMDTests.CommandPaletteTests testCatalogFiltersByMultipleTermsAndLimitsDefaultSuggestions]' started.
Test Case '-[OuroMDTests.CommandPaletteTests testCatalogFiltersByMultipleTermsAndLimitsDefaultSuggestions]' passed (0.004 seconds).
Test Case '-[OuroMDTests.CommandPaletteTests testCatalogIncludesEditorMenuCommandsWithoutShortcuts]' started.
Test Case '-[OuroMDTests.CommandPaletteTests testCatalogIncludesEditorMenuCommandsWithoutShortcuts]' passed (0.000 seconds).
Test Case '-[OuroMDTests.CommandPaletteTests testDocumentTruthCommandsCopyAndRevealCurrentFile]' started.
Test Case '-[OuroMDTests.CommandPaletteTests testDocumentTruthCommandsCopyAndRevealCurrentFile]' passed (0.560 seconds).
Test Case '-[OuroMDTests.CommandPaletteTests testDocumentTruthCommandsFailHonestlyWithoutCurrentFileOrRepository]' started.
Test Case '-[OuroMDTests.CommandPaletteTests testDocumentTruthCommandsFailHonestlyWithoutCurrentFileOrRepository]' passed (0.000 seconds).
Test Case '-[OuroMDTests.CommandPaletteTests testPaletteDispatchesFormatModeSidebarAndThemeActions]' started.
Test Case '-[OuroMDTests.CommandPaletteTests testPaletteDispatchesFormatModeSidebarAndThemeActions]' passed (0.003 seconds).
Test Case '-[OuroMDTests.CommandPaletteTests testPaletteVisibilityAndFindCommandsResetQuery]' started.
Test Case '-[OuroMDTests.CommandPaletteTests testPaletteVisibilityAndFindCommandsResetQuery]' passed (0.000 seconds).
Test Suite 'CommandPaletteTests' passed at 2026-08-24 21:52:13.532.
	 Executed 7 tests, with 0 failures (0 unexpected) in 0.569 (0.569) seconds
Test Suite 'ContentSearcherTests' started at 2026-08-24 21:52:13.532.
Test Case '-[OuroMDTests.ContentSearcherTests testAppModelPublishesSearchCancelAndFormatsSkippedFileUXState]' started.
Test Case '-[OuroMDTests.ContentSearcherTests testAppModelPublishesSearchCancelAndFormatsSkippedFileUXState]' passed (1.772 seconds).
Test Case '-[OuroMDTests.ContentSearcherTests testBinaryAndUnreadableMarkdownFilesAreSkippedWithoutLeakingPaths]' started.
Test Case '-[OuroMDTests.ContentSearcherTests testBinaryAndUnreadableMarkdownFilesAreSkippedWithoutLeakingPaths]' passed (1.973 seconds).
Test Case '-[OuroMDTests.ContentSearcherTests testCaseSensitiveOption]' started.
Test Case '-[OuroMDTests.ContentSearcherTests testCaseSensitiveOption]' passed (1.670 seconds).
Test Case '-[OuroMDTests.ContentSearcherTests testInvalidRegularExpressionReportsValidationError]' started.
Test Case '-[OuroMDTests.ContentSearcherTests testInvalidRegularExpressionReportsValidationError]' passed (1.547 seconds).
Test Case '-[OuroMDTests.ContentSearcherTests testMatchOrdinalCountsEarlierOccurrencesOnSameLine]' started.
Test Case '-[OuroMDTests.ContentSearcherTests testMatchOrdinalCountsEarlierOccurrencesOnSameLine]' passed (1.476 seconds).
Test Case '-[OuroMDTests.ContentSearcherTests testSearchCanBeCancelledBeforeCompletion]' started.
Test Case '-[OuroMDTests.ContentSearcherTests testSearchCanBeCancelledBeforeCompletion]' passed (2.171 seconds).
Test Case '-[OuroMDTests.ContentSearcherTests testStreamsRankedResultsWithSnippets]' started.
Test Case '-[OuroMDTests.ContentSearcherTests testStreamsRankedResultsWithSnippets]' passed (1.231 seconds).
Test Case '-[OuroMDTests.ContentSearcherTests testTruncatedSnippetKeepsSourceCoordinates]' started.
Test Case '-[OuroMDTests.ContentSearcherTests testTruncatedSnippetKeepsSourceCoordinates]' passed (1.510 seconds).
Test Suite 'ContentSearcherTests' passed at 2026-08-24 21:52:26.885.
	 Executed 8 tests, with 0 failures (0 unexpected) in 13.351 (13.353) seconds
Test Suite 'DocumentLinkTests' started at 2026-08-24 21:52:26.885.
Test Case '-[OuroMDAppSupportTests.DocumentLinkTests testAbsoluteAndFileMarkdownTargetsAreSupported]' started.
Test Case '-[OuroMDAppSupportTests.DocumentLinkTests testAbsoluteAndFileMarkdownTargetsAreSupported]' passed (0.001 seconds).
Test Case '-[OuroMDAppSupportTests.DocumentLinkTests testAnchorsAndUnsupportedTargetsDoNotBecomeFiles]' started.
Test Case '-[OuroMDAppSupportTests.DocumentLinkTests testAnchorsAndUnsupportedTargetsDoNotBecomeFiles]' passed (0.001 seconds).
Test Case '-[OuroMDAppSupportTests.DocumentLinkTests testExternalWebAndMailSchemesStayExternal]' started.
Test Case '-[OuroMDAppSupportTests.DocumentLinkTests testExternalWebAndMailSchemesStayExternal]' passed (0.000 seconds).
Test Case '-[OuroMDAppSupportTests.DocumentLinkTests testRelativeMarkdownResolvesBesideCurrentDocument]' started.
Test Case '-[OuroMDAppSupportTests.DocumentLinkTests testRelativeMarkdownResolvesBesideCurrentDocument]' passed (0.000 seconds).
Test Suite 'DocumentLinkTests' passed at 2026-08-24 21:52:26.888.
	 Executed 4 tests, with 0 failures (0 unexpected) in 0.002 (0.002) seconds
Test Suite 'DocumentTruthTests' started at 2026-08-24 21:52:26.888.
Test Case '-[OuroMDAppSupportTests.DocumentTruthTests testDefaultFileExistenceProbeWorksForExistingFiles]' started.
Test Case '-[OuroMDAppSupportTests.DocumentTruthTests testDefaultFileExistenceProbeWorksForExistingFiles]' passed (0.469 seconds).
Test Case '-[OuroMDAppSupportTests.DocumentTruthTests testDiffCommandsMatchTheVisibleGitState]' started.
Test Case '-[OuroMDAppSupportTests.DocumentTruthTests testDiffCommandsMatchTheVisibleGitState]' passed (0.001 seconds).
Test Case '-[OuroMDAppSupportTests.DocumentTruthTests testGitUnavailableIsDifferentFromLocalNonRepositoryFile]' started.
Test Case '-[OuroMDAppSupportTests.DocumentTruthTests testGitUnavailableIsDifferentFromLocalNonRepositoryFile]' passed (0.000 seconds).
Test Case '-[OuroMDAppSupportTests.DocumentTruthTests testMissingOrUnreadableFileFallsBackWithoutGitCertainty]' started.
Test Case '-[OuroMDAppSupportTests.DocumentTruthTests testMissingOrUnreadableFileFallsBackWithoutGitCertainty]' passed (0.000 seconds).
Test Case '-[OuroMDAppSupportTests.DocumentTruthTests testRealGitClassifiesNestedTrackedModifiedFile]' started.
Test Case '-[OuroMDAppSupportTests.DocumentTruthTests testRealGitClassifiesNestedTrackedModifiedFile]' passed (7.704 seconds).
Test Case '-[OuroMDAppSupportTests.DocumentTruthTests testRepositoryMismatchAndStatusFailureFallBackHonestly]' started.
Test Case '-[OuroMDAppSupportTests.DocumentTruthTests testRepositoryMismatchAndStatusFailureFallBackHonestly]' passed (0.000 seconds).
Test Case '-[OuroMDAppSupportTests.DocumentTruthTests testShellEscapesDiffCommandComponents]' started.
Test Case '-[OuroMDAppSupportTests.DocumentTruthTests testShellEscapesDiffCommandComponents]' passed (0.000 seconds).
Test Case '-[OuroMDAppSupportTests.DocumentTruthTests testThrownSubcommandsAndRepositoryRootFilePathAreCovered]' started.
Test Case '-[OuroMDAppSupportTests.DocumentTruthTests testThrownSubcommandsAndRepositoryRootFilePathAreCovered]' passed (0.000 seconds).
Test Case '-[OuroMDAppSupportTests.DocumentTruthTests testTrackedCleanFileCarriesRepositoryPathsAndDiffCommand]' started.
Test Case '-[OuroMDAppSupportTests.DocumentTruthTests testTrackedCleanFileCarriesRepositoryPathsAndDiffCommand]' passed (0.000 seconds).
Test Case '-[OuroMDAppSupportTests.DocumentTruthTests testTrackedModifiedAndMixedStatesUseMechanicalPorcelainStatus]' started.
Test Case '-[OuroMDAppSupportTests.DocumentTruthTests testTrackedModifiedAndMixedStatesUseMechanicalPorcelainStatus]' passed (0.000 seconds).
Test Case '-[OuroMDAppSupportTests.DocumentTruthTests testUntitledAndNonFileURLsHaveHonestUnavailableState]' started.
Test Case '-[OuroMDAppSupportTests.DocumentTruthTests testUntitledAndNonFileURLsHaveHonestUnavailableState]' passed (0.000 seconds).
Test Case '-[OuroMDAppSupportTests.DocumentTruthTests testUntrackedAndIgnoredFilesAreNotPresentedAsTrackedDiffs]' started.
Test Case '-[OuroMDAppSupportTests.DocumentTruthTests testUntrackedAndIgnoredFilesAreNotPresentedAsTrackedDiffs]' passed (0.000 seconds).
Test Suite 'DocumentTruthTests' passed at 2026-08-24 21:52:35.065.
	 Executed 12 tests, with 0 failures (0 unexpected) in 8.176 (8.178) seconds
Test Suite 'DocumentWindowControllerTests' started at 2026-08-24 21:52:35.065.
Test Case '-[OuroMDTests.DocumentWindowControllerTests testDocumentChromeAcrossSavedRenamedDirtyAndDeletedStates]' started.
Test Case '-[OuroMDTests.DocumentWindowControllerTests testDocumentChromeAcrossSavedRenamedDirtyAndDeletedStates]' passed (1.561 seconds).
Test Case '-[OuroMDTests.DocumentWindowControllerTests testDocumentTruthAccessoryIsFixedSizeNativeGlyphWithAccessibleMenu]' started.
Test Case '-[OuroMDTests.DocumentWindowControllerTests testDocumentTruthAccessoryIsFixedSizeNativeGlyphWithAccessibleMenu]' passed (0.108 seconds).
Test Case '-[OuroMDTests.DocumentWindowControllerTests testRealTitleClickEventsRouteToOpenPanelWithoutConsumingNativeChrome]' started.
Test Case '-[OuroMDTests.DocumentWindowControllerTests testRealTitleClickEventsRouteToOpenPanelWithoutConsumingNativeChrome]' passed (0.622 seconds).
Test Case '-[OuroMDTests.DocumentWindowControllerTests testTitleClickGestureDistinguishesClickFromDrag]' started.
Test Case '-[OuroMDTests.DocumentWindowControllerTests testTitleClickGestureDistinguishesClickFromDrag]' passed (0.000 seconds).
Test Suite 'DocumentWindowControllerTests' passed at 2026-08-24 21:52:37.357.
	 Executed 4 tests, with 0 failures (0 unexpected) in 2.291 (2.292) seconds
Test Suite 'EditorWebViewTests' started at 2026-08-24 21:52:37.357.
Test Case '-[OuroMDTests.EditorWebViewTests testCoordinatorRoutesExternalAndRelativeMarkdownLinks]' started.
Test Case '-[OuroMDTests.EditorWebViewTests testCoordinatorRoutesExternalAndRelativeMarkdownLinks]' passed (0.790 seconds).
Test Case '-[OuroMDTests.EditorWebViewTests testEditorDropWebViewAcceptsOnlyOpenableMarkdownFiles]' started.
Test Case '-[OuroMDTests.EditorWebViewTests testEditorDropWebViewAcceptsOnlyOpenableMarkdownFiles]' passed (0.597 seconds).
Test Case '-[OuroMDTests.EditorWebViewTests testInitialThemeBootstrapSeedsDarkThemeBeforeEditorReady]' started.
Test Case '-[OuroMDTests.EditorWebViewTests testInitialThemeBootstrapSeedsDarkThemeBeforeEditorReady]' passed (0.002 seconds).
Test Suite 'EditorWebViewTests' passed at 2026-08-24 21:52:38.747.
	 Executed 3 tests, with 0 failures (0 unexpected) in 1.389 (1.390) seconds
Test Suite 'FileWatcherLiveReloadTests' started at 2026-08-24 21:52:38.747.
Test Case '-[OuroMDTests.FileWatcherLiveReloadTests testWatcherFiresOnAtomicReplaceAfterInitialWindow]' started.
Test Case '-[OuroMDTests.FileWatcherLiveReloadTests testWatcherFiresOnAtomicReplaceAfterInitialWindow]' passed (1.254 seconds).
Test Case '-[OuroMDTests.FileWatcherLiveReloadTests testWatcherReflectsRapidAtomicReplaces]' started.
Test Case '-[OuroMDTests.FileWatcherLiveReloadTests testWatcherReflectsRapidAtomicReplaces]' passed (1.469 seconds).
Test Suite 'FileWatcherLiveReloadTests' passed at 2026-08-24 21:52:41.470.
	 Executed 2 tests, with 0 failures (0 unexpected) in 2.723 (2.723) seconds
Test Suite 'FileWatcherTests' started at 2026-08-24 21:52:41.470.
Test Case '-[OuroMDTests.FileWatcherTests testDetectsInPlaceWrite]' started.
Test Case '-[OuroMDTests.FileWatcherTests testDetectsInPlaceWrite]' passed (0.771 seconds).
Test Case '-[OuroMDTests.FileWatcherTests testReArmsAcrossAtomicReplace]' started.
Test Case '-[OuroMDTests.FileWatcherTests testReArmsAcrossAtomicReplace]' passed (1.276 seconds).
Test Suite 'FileWatcherTests' passed at 2026-08-24 21:52:43.517.
	 Executed 2 tests, with 0 failures (0 unexpected) in 2.047 (2.047) seconds
Test Suite 'FolderBrowserTests' started at 2026-08-24 21:52:43.517.
Test Case '-[OuroMDTests.FolderBrowserTests testDeepTreeReportsTruncationAtDepthCap]' started.
Test Case '-[OuroMDTests.FolderBrowserTests testDeepTreeReportsTruncationAtDepthCap]' passed (6.976 seconds).
Test Case '-[OuroMDTests.FolderBrowserTests testFlatListIncludesOnlyOpenableFiles]' started.
Test Case '-[OuroMDTests.FolderBrowserTests testFlatListIncludesOnlyOpenableFiles]' passed (2.159 seconds).
Test Case '-[OuroMDTests.FolderBrowserTests testFolderSortLabelsAndDateSorts]' started.
Test Case '-[OuroMDTests.FolderBrowserTests testFolderSortLabelsAndDateSorts]' passed (2.466 seconds).
Test Case '-[OuroMDTests.FolderBrowserTests testLargeWorkspaceBudgetSkipsOversizedHiddenAndSymlinkedFiles]' started.
Test Case '-[OuroMDTests.FolderBrowserTests testLargeWorkspaceBudgetSkipsOversizedHiddenAndSymlinkedFiles]' passed (13.423 seconds).
Test Case '-[OuroMDTests.FolderBrowserTests testNameSortIsNatural]' started.
Test Case '-[OuroMDTests.FolderBrowserTests testNameSortIsNatural]' passed (2.625 seconds).
Test Case '-[OuroMDTests.FolderBrowserTests testOpenFolderPopulatesModelAndFilter]' started.
Test Case '-[OuroMDTests.FolderBrowserTests testOpenFolderPopulatesModelAndFilter]' passed (2.740 seconds).
Test Case '-[OuroMDTests.FolderBrowserTests testReadsNonUTF8File]' started.
Test Case '-[OuroMDTests.FolderBrowserTests testReadsNonUTF8File]' passed (2.012 seconds).
Test Case '-[OuroMDTests.FolderBrowserTests testSnapshotOfMissingFolderIsEmpty]' started.
Test Case '-[OuroMDTests.FolderBrowserTests testSnapshotOfMissingFolderIsEmpty]' passed (1.910 seconds).
Test Case '-[OuroMDTests.FolderBrowserTests testSnapshotProvidesTreeAndFlatViewsFromOneAPI]' started.
Test Case '-[OuroMDTests.FolderBrowserTests testSnapshotProvidesTreeAndFlatViewsFromOneAPI]' passed (2.003 seconds).
Test Case '-[OuroMDTests.FolderBrowserTests testSymlinkCycleDoesNotCrashOrRecurse]' started.
Test Case '-[OuroMDTests.FolderBrowserTests testSymlinkCycleDoesNotCrashOrRecurse]' passed (2.365 seconds).
Test Case '-[OuroMDTests.FolderBrowserTests testTreeGroupsDirsFirstAndPrunesEmpties]' started.
Test Case '-[OuroMDTests.FolderBrowserTests testTreeGroupsDirsFirstAndPrunesEmpties]' passed (1.904 seconds).
Test Case '-[OuroMDTests.FolderBrowserTests testUnusualNamesDuplicateBasenamesAndSymlinkedMarkdownAreHandled]' started.
Test Case '-[OuroMDTests.FolderBrowserTests testUnusualNamesDuplicateBasenamesAndSymlinkedMarkdownAreHandled]' passed (3.374 seconds).
Test Suite 'FolderBrowserTests' passed at 2026-08-24 21:53:27.477.
	 Executed 12 tests, with 0 failures (0 unexpected) in 43.957 (43.959) seconds
Test Suite 'FolderDisplayTests' started at 2026-08-24 21:53:27.477.
Test Case '-[OuroMDTests.FolderDisplayTests testDuplicateFileNamesAreDetectedCaseInsensitively]' started.
Test Case '-[OuroMDTests.FolderDisplayTests testDuplicateFileNamesAreDetectedCaseInsensitively]' passed (0.001 seconds).
Test Case '-[OuroMDTests.FolderDisplayTests testRelativePathAndParentHintStayWithinMountedFolder]' started.
Test Case '-[OuroMDTests.FolderDisplayTests testRelativePathAndParentHintStayWithinMountedFolder]' passed (0.000 seconds).
Test Suite 'FolderDisplayTests' passed at 2026-08-24 21:53:27.478.
	 Executed 2 tests, with 0 failures (0 unexpected) in 0.001 (0.002) seconds
Test Suite 'HTMLDocumentTests' started at 2026-08-24 21:53:27.478.
Test Case '-[OuroMDTests.HTMLDocumentTests testEscapeAttrAlsoEscapesDoubleQuotes]' started.
Test Case '-[OuroMDTests.HTMLDocumentTests testEscapeAttrAlsoEscapesDoubleQuotes]' passed (0.000 seconds).
Test Case '-[OuroMDTests.HTMLDocumentTests testEscapeHandlesEveryReservedCharacterAndPassesOthersThrough]' started.
Test Case '-[OuroMDTests.HTMLDocumentTests testEscapeHandlesEveryReservedCharacterAndPassesOthersThrough]' passed (0.000 seconds).
Test Case '-[OuroMDTests.HTMLDocumentTests testWrapProducesCompleteDocumentWithEscapedTitleAndEmbeddedCSS]' started.
Test Case '-[OuroMDTests.HTMLDocumentTests testWrapProducesCompleteDocumentWithEscapedTitleAndEmbeddedCSS]' passed (0.000 seconds).
Test Suite 'HTMLDocumentTests' passed at 2026-08-24 21:53:27.479.
	 Executed 3 tests, with 0 failures (0 unexpected) in 0.001 (0.001) seconds
Test Suite 'MarkdownRendererTests' started at 2026-08-24 21:53:27.479.
Test Case '-[OuroMDTests.MarkdownRendererTests testAuthoredRawHTMLHeadingsUseSharedSemanticIDs]' started.
Test Case '-[OuroMDTests.MarkdownRendererTests testAuthoredRawHTMLHeadingsUseSharedSemanticIDs]' passed (0.002 seconds).
Test Case '-[OuroMDTests.MarkdownRendererTests testBlockQuote]' started.
Test Case '-[OuroMDTests.MarkdownRendererTests testBlockQuote]' passed (0.000 seconds).
Test Case '-[OuroMDTests.MarkdownRendererTests testBoldAndItalic]' started.
Test Case '-[OuroMDTests.MarkdownRendererTests testBoldAndItalic]' passed (0.000 seconds).
Test Case '-[OuroMDTests.MarkdownRendererTests testBrokenOrUnknownFootnoteReferencesAreLeftAsText]' started.
Test Case '-[OuroMDTests.MarkdownRendererTests testBrokenOrUnknownFootnoteReferencesAreLeftAsText]' passed (0.001 seconds).
Test Case '-[OuroMDTests.MarkdownRendererTests testCodeOnlyTableCellsAreMarkedForIntrinsicWidth]' started.
Test Case '-[OuroMDTests.MarkdownRendererTests testCodeOnlyTableCellsAreMarkedForIntrinsicWidth]' passed (0.001 seconds).
Test Case '-[OuroMDTests.MarkdownRendererTests testDistinctFootnoteLabelsWithCollidingSlugsReceiveUniqueIDs]' started.
Test Case '-[OuroMDTests.MarkdownRendererTests testDistinctFootnoteLabelsWithCollidingSlugsReceiveUniqueIDs]' passed (0.001 seconds).
Test Case '-[OuroMDTests.MarkdownRendererTests testDocumentWrap]' started.
Test Case '-[OuroMDTests.MarkdownRendererTests testDocumentWrap]' passed (0.000 seconds).
Test Case '-[OuroMDTests.MarkdownRendererTests testDuplicateFootnoteDefinitionsDoNotCrash]' started.
Test Case '-[OuroMDTests.MarkdownRendererTests testDuplicateFootnoteDefinitionsDoNotCrash]' passed (0.000 seconds).
Test Case '-[OuroMDTests.MarkdownRendererTests testFencedCodeBlock]' started.
Test Case '-[OuroMDTests.MarkdownRendererTests testFencedCodeBlock]' passed (0.000 seconds).
Test Case '-[OuroMDTests.MarkdownRendererTests testFootnoteContinuationsAreRendered]' started.
Test Case '-[OuroMDTests.MarkdownRendererTests testFootnoteContinuationsAreRendered]' passed (0.001 seconds).
Test Case '-[OuroMDTests.MarkdownRendererTests testFootnoteDefinitionsInsideCodeBlocksRemainCode]' started.
Test Case '-[OuroMDTests.MarkdownRendererTests testFootnoteDefinitionsInsideCodeBlocksRemainCode]' passed (0.001 seconds).
Test Case '-[OuroMDTests.MarkdownRendererTests testFootnoteIDsAvoidAuthoredRawHTMLIDs]' started.
Test Case '-[OuroMDTests.MarkdownRendererTests testFootnoteIDsAvoidAuthoredRawHTMLIDs]' passed (0.001 seconds).
Test Case '-[OuroMDTests.MarkdownRendererTests testFootnoteIDsAvoidRawHTMLIDsInDeindentedDefinitions]' started.
Test Case '-[OuroMDTests.MarkdownRendererTests testFootnoteIDsAvoidRawHTMLIDsInDeindentedDefinitions]' passed (0.001 seconds).
Test Case '-[OuroMDTests.MarkdownRendererTests testFootnoteMultiParagraphContinuationRendersInsideFootnote]' started.
Test Case '-[OuroMDTests.MarkdownRendererTests testFootnoteMultiParagraphContinuationRendersInsideFootnote]' passed (0.001 seconds).
Test Case '-[OuroMDTests.MarkdownRendererTests testFootnoteReferencesInsideFencedCodeAreLeftAlone]' started.
Test Case '-[OuroMDTests.MarkdownRendererTests testFootnoteReferencesInsideFencedCodeAreLeftAlone]' passed (0.000 seconds).
Test Case '-[OuroMDTests.MarkdownRendererTests testFootnoteReferencesInsideIndentedCodeAreLeftAlone]' started.
Test Case '-[OuroMDTests.MarkdownRendererTests testFootnoteReferencesInsideIndentedCodeAreLeftAlone]' passed (0.000 seconds).
Test Case '-[OuroMDTests.MarkdownRendererTests testFootnoteReferencesInsideInlineCodeOrEscapesAreLeftAlone]' started.
Test Case '-[OuroMDTests.MarkdownRendererTests testFootnoteReferencesInsideInlineCodeOrEscapesAreLeftAlone]' passed (0.000 seconds).
Test Case '-[OuroMDTests.MarkdownRendererTests testFootnotesRenderAsBacklinkedSection]' started.
Test Case '-[OuroMDTests.MarkdownRendererTests testFootnotesRenderAsBacklinkedSection]' passed (0.001 seconds).
Test Case '-[OuroMDTests.MarkdownRendererTests testHeading]' started.
Test Case '-[OuroMDTests.MarkdownRendererTests testHeading]' passed (0.000 seconds).
Test Case '-[OuroMDTests.MarkdownRendererTests testHeadingAnchorContractMatchesSharedFixture]' started.
Test Case '-[OuroMDTests.MarkdownRendererTests testHeadingAnchorContractMatchesSharedFixture]' passed (0.048 seconds).
Test Case '-[OuroMDTests.MarkdownRendererTests testHeadingHasSlugID]' started.
Test Case '-[OuroMDTests.MarkdownRendererTests testHeadingHasSlugID]' passed (0.000 seconds).
Test Case '-[OuroMDTests.MarkdownRendererTests testHeadingIDsRemainUniqueAcrossBodyAndFootnotes]' started.
Test Case '-[OuroMDTests.MarkdownRendererTests testHeadingIDsRemainUniqueAcrossBodyAndFootnotes]' passed (0.001 seconds).
Test Case '-[OuroMDTests.MarkdownRendererTests testHeadingIDsReserveAuthoredRawHTMLIDs]' started.
Test Case '-[OuroMDTests.MarkdownRendererTests testHeadingIDsReserveAuthoredRawHTMLIDs]' passed (0.000 seconds).
Test Case '-[OuroMDTests.MarkdownRendererTests testHeadingIDsReserveFootnoteAndBackReferenceIDs]' started.
Test Case '-[OuroMDTests.MarkdownRendererTests testHeadingIDsReserveFootnoteAndBackReferenceIDs]' passed (0.001 seconds).
Test Case '-[OuroMDTests.MarkdownRendererTests testHeadingSlugCollapsesRuns]' started.
Test Case '-[OuroMDTests.MarkdownRendererTests testHeadingSlugCollapsesRuns]' passed (0.000 seconds).
Test Case '-[OuroMDTests.MarkdownRendererTests testHTMLEscaping]' started.
Test Case '-[OuroMDTests.MarkdownRendererTests testHTMLEscaping]' passed (0.000 seconds).
Test Case '-[OuroMDTests.MarkdownRendererTests testImageAlt]' started.
Test Case '-[OuroMDTests.MarkdownRendererTests testImageAlt]' passed (0.000 seconds).
Test Case '-[OuroMDTests.MarkdownRendererTests testImageSourcesAreEscapedOrInlined]' started.
Test Case '-[OuroMDTests.MarkdownRendererTests testImageSourcesAreEscapedOrInlined]' passed (2.150 seconds).
Test Case '-[OuroMDTests.MarkdownRendererTests testInlineCode]' started.
Test Case '-[OuroMDTests.MarkdownRendererTests testInlineCode]' passed (0.000 seconds).
Test Case '-[OuroMDTests.MarkdownRendererTests testLineBreaksAndRawHTMLPassThrough]' started.
Test Case '-[OuroMDTests.MarkdownRendererTests testLineBreaksAndRawHTMLPassThrough]' passed (0.000 seconds).
Test Case '-[OuroMDTests.MarkdownRendererTests testLink]' started.
Test Case '-[OuroMDTests.MarkdownRendererTests testLink]' passed (0.000 seconds).
Test Case '-[OuroMDTests.MarkdownRendererTests testLongFencesCanContainShorterFenceExamples]' started.
Test Case '-[OuroMDTests.MarkdownRendererTests testLongFencesCanContainShorterFenceExamples]' passed (0.001 seconds).
Test Case '-[OuroMDTests.MarkdownRendererTests testOrderedList]' started.
Test Case '-[OuroMDTests.MarkdownRendererTests testOrderedList]' passed (0.000 seconds).
Test Case '-[OuroMDTests.MarkdownRendererTests testPathologicalTableCellsRenderAlignmentHTMLURLsAndEmptyCells]' started.
Test Case '-[OuroMDTests.MarkdownRendererTests testPathologicalTableCellsRenderAlignmentHTMLURLsAndEmptyCells]' passed (0.001 seconds).
Test Case '-[OuroMDTests.MarkdownRendererTests testRawHTMLHeadingNormalizerAcceptsQuoteInUnquotedAttribute]' started.
Test Case '-[OuroMDTests.MarkdownRendererTests testRawHTMLHeadingNormalizerAcceptsQuoteInUnquotedAttribute]' passed (0.000 seconds).
Test Case '-[OuroMDTests.MarkdownRendererTests testRawHTMLHeadingNormalizerClosesOnMismatchedHeadingEndTag]' started.
Test Case '-[OuroMDTests.MarkdownRendererTests testRawHTMLHeadingNormalizerClosesOnMismatchedHeadingEndTag]' passed (0.000 seconds).
Test Case '-[OuroMDTests.MarkdownRendererTests testRawHTMLHeadingNormalizerDecodesAnnotationEncoding]' started.
Test Case '-[OuroMDTests.MarkdownRendererTests testRawHTMLHeadingNormalizerDecodesAnnotationEncoding]' passed (0.000 seconds).
Test Case '-[OuroMDTests.MarkdownRendererTests testRawHTMLHeadingNormalizerHandlesConditionalFontBreakout]' started.
Test Case '-[OuroMDTests.MarkdownRendererTests testRawHTMLHeadingNormalizerHandlesConditionalFontBreakout]' passed (0.000 seconds).
Test Case '-[OuroMDTests.MarkdownRendererTests testRawHTMLHeadingNormalizerHandlesIntegrationPointScripts]' started.
Test Case '-[OuroMDTests.MarkdownRendererTests testRawHTMLHeadingNormalizerHandlesIntegrationPointScripts]' passed (0.000 seconds).
Test Case '-[OuroMDTests.MarkdownRendererTests testRawHTMLHeadingNormalizerHonorsForeignContentAndImageAltText]' started.
Test Case '-[OuroMDTests.MarkdownRendererTests testRawHTMLHeadingNormalizerHonorsForeignContentAndImageAltText]' passed (0.000 seconds).
Test Case '-[OuroMDTests.MarkdownRendererTests testRawHTMLHeadingNormalizerReprocessesForeignHeadingEndTag]' started.
Test Case '-[OuroMDTests.MarkdownRendererTests testRawHTMLHeadingNormalizerReprocessesForeignHeadingEndTag]' passed (0.000 seconds).
Test Case '-[OuroMDTests.MarkdownRendererTests testRawHTMLHeadingNormalizerScopesIntegrationPointsByNamespace]' started.
Test Case '-[OuroMDTests.MarkdownRendererTests testRawHTMLHeadingNormalizerScopesIntegrationPointsByNamespace]' passed (0.000 seconds).
Test Case '-[OuroMDTests.MarkdownRendererTests testRawHTMLHeadingNormalizerTracksHTMLDescendantsOfMathIntegrationPoints]' started.
Test Case '-[OuroMDTests.MarkdownRendererTests testRawHTMLHeadingNormalizerTracksHTMLDescendantsOfMathIntegrationPoints]' passed (0.000 seconds).
Test Case '-[OuroMDTests.MarkdownRendererTests testRawHTMLHeadingNormalizerUsesHTMLCharacterReferences]' started.
Test Case '-[OuroMDTests.MarkdownRendererTests testRawHTMLHeadingNormalizerUsesHTMLCharacterReferences]' passed (0.001 seconds).
Test Case '-[OuroMDTests.MarkdownRendererTests testRawHTMLHeadingNormalizerUsesWHATWGNumericReferences]' started.
Test Case '-[OuroMDTests.MarkdownRendererTests testRawHTMLHeadingNormalizerUsesWHATWGNumericReferences]' passed (0.000 seconds).
Test Case '-[OuroMDTests.MarkdownRendererTests testRawHTMLHeadingSemanticTextHonorsSVGTitleNamespace]' started.
Test Case '-[OuroMDTests.MarkdownRendererTests testRawHTMLHeadingSemanticTextHonorsSVGTitleNamespace]' passed (0.000 seconds).
Test Case '-[OuroMDTests.MarkdownRendererTests testReferenceStyleLinksResolveWithoutChangingUnresolvedSource]' started.
Test Case '-[OuroMDTests.MarkdownRendererTests testReferenceStyleLinksResolveWithoutChangingUnresolvedSource]' passed (0.001 seconds).
Test Case '-[OuroMDTests.MarkdownRendererTests testRepeatedFootnoteReferencesUseUniqueAnchorIDs]' started.
Test Case '-[OuroMDTests.MarkdownRendererTests testRepeatedFootnoteReferencesUseUniqueAnchorIDs]' passed (0.001 seconds).
Test Case '-[OuroMDTests.MarkdownRendererTests testShortCellsStayFreeWhileLongAndCodeBearingCellsGetAReadableFloor]' started.
Test Case '-[OuroMDTests.MarkdownRendererTests testShortCellsStayFreeWhileLongAndCodeBearingCellsGetAReadableFloor]' passed (0.001 seconds).
Test Case '-[OuroMDTests.MarkdownRendererTests testStrikethrough]' started.
Test Case '-[OuroMDTests.MarkdownRendererTests testStrikethrough]' passed (0.000 seconds).
Test Case '-[OuroMDTests.MarkdownRendererTests testTable]' started.
Test Case '-[OuroMDTests.MarkdownRendererTests testTable]' passed (0.000 seconds).
Test Case '-[OuroMDTests.MarkdownRendererTests testTaskList]' started.
Test Case '-[OuroMDTests.MarkdownRendererTests testTaskList]' passed (0.000 seconds).
Test Case '-[OuroMDTests.MarkdownRendererTests testThematicBreak]' started.
Test Case '-[OuroMDTests.MarkdownRendererTests testThematicBreak]' passed (0.000 seconds).
Test Case '-[OuroMDTests.MarkdownRendererTests testThemeStore]' started.
Test Case '-[OuroMDTests.MarkdownRendererTests testThemeStore]' passed (0.000 seconds).
Test Case '-[OuroMDTests.MarkdownRendererTests testUnorderedList]' started.
Test Case '-[OuroMDTests.MarkdownRendererTests testUnorderedList]' passed (0.000 seconds).
Test Suite 'MarkdownRendererTests' passed at 2026-08-24 21:53:29.707.
	 Executed 55 tests, with 0 failures (0 unexpected) in 2.222 (2.227) seconds
Test Suite 'MarkdownTidyTests' started at 2026-08-24 21:53:29.707.
Test Case '-[OuroMDTests.MarkdownTidyTests testCollapsesConsecutiveBlankLines]' started.
Test Case '-[OuroMDTests.MarkdownTidyTests testCollapsesConsecutiveBlankLines]' passed (0.000 seconds).
Test Case '-[OuroMDTests.MarkdownTidyTests testDoesNotRewriteNonTableLinesThatMerelyUseSeparatorCharacters]' started.
Test Case '-[OuroMDTests.MarkdownTidyTests testDoesNotRewriteNonTableLinesThatMerelyUseSeparatorCharacters]' passed (0.000 seconds).
Test Case '-[OuroMDTests.MarkdownTidyTests testDoesNotTouchFencedCode]' started.
Test Case '-[OuroMDTests.MarkdownTidyTests testDoesNotTouchFencedCode]' passed (0.000 seconds).
Test Case '-[OuroMDTests.MarkdownTidyTests testDoesNotTouchTildeFencedCode]' started.
Test Case '-[OuroMDTests.MarkdownTidyTests testDoesNotTouchTildeFencedCode]' passed (0.000 seconds).
Test Case '-[OuroMDTests.MarkdownTidyTests testExpandsCompactAndNoSpaceSeparators]' started.
Test Case '-[OuroMDTests.MarkdownTidyTests testExpandsCompactAndNoSpaceSeparators]' passed (0.000 seconds).
Test Case '-[OuroMDTests.MarkdownTidyTests testExpandsTableSeparator]' started.
Test Case '-[OuroMDTests.MarkdownTidyTests testExpandsTableSeparator]' passed (0.000 seconds).
Test Case '-[OuroMDTests.MarkdownTidyTests testFrontMatterClosingFenceAtEndOfDocumentUnchanged]' started.
Test Case '-[OuroMDTests.MarkdownTidyTests testFrontMatterClosingFenceAtEndOfDocumentUnchanged]' passed (0.000 seconds).
Test Case '-[OuroMDTests.MarkdownTidyTests testFrontMatterOnlyNoBodyUnchanged]' started.
Test Case '-[OuroMDTests.MarkdownTidyTests testFrontMatterOnlyNoBodyUnchanged]' passed (0.000 seconds).
Test Case '-[OuroMDTests.MarkdownTidyTests testFrontMatterWithExistingBlankLineUnchanged]' started.
Test Case '-[OuroMDTests.MarkdownTidyTests testFrontMatterWithExistingBlankLineUnchanged]' passed (0.000 seconds).
Test Case '-[OuroMDTests.MarkdownTidyTests testIndentedTableSeparatorKeepsItsIndent]' started.
Test Case '-[OuroMDTests.MarkdownTidyTests testIndentedTableSeparatorKeepsItsIndent]' passed (0.000 seconds).
Test Case '-[OuroMDTests.MarkdownTidyTests testLeavesHorizontalRuleAlone]' started.
Test Case '-[OuroMDTests.MarkdownTidyTests testLeavesHorizontalRuleAlone]' passed (0.000 seconds).
Test Case '-[OuroMDTests.MarkdownTidyTests testMidDocumentTripleDashNotTreatedAsFrontMatter]' started.
Test Case '-[OuroMDTests.MarkdownTidyTests testMidDocumentTripleDashNotTreatedAsFrontMatter]' passed (0.000 seconds).
Test Case '-[OuroMDTests.MarkdownTidyTests testMidDocumentTripleDashWithoutSurroundingBlanksNotTreatedAsFrontMatter]' started.
Test Case '-[OuroMDTests.MarkdownTidyTests testMidDocumentTripleDashWithoutSurroundingBlanksNotTreatedAsFrontMatter]' passed (0.000 seconds).
Test Case '-[OuroMDTests.MarkdownTidyTests testNonTableContentUnchanged]' started.
Test Case '-[OuroMDTests.MarkdownTidyTests testNonTableContentUnchanged]' passed (0.000 seconds).
Test Case '-[OuroMDTests.MarkdownTidyTests testNormalTidyDoesNotConsultOriginalForDirtySave]' started.
Test Case '-[OuroMDTests.MarkdownTidyTests testNormalTidyDoesNotConsultOriginalForDirtySave]' passed (0.000 seconds).
Test Case '-[OuroMDTests.MarkdownTidyTests testPreservesBlankLineAfterClosingFence]' started.
Test Case '-[OuroMDTests.MarkdownTidyTests testPreservesBlankLineAfterClosingFence]' passed (0.000 seconds).
Test Case '-[OuroMDTests.MarkdownTidyTests testPreservesTableAlignment]' started.
Test Case '-[OuroMDTests.MarkdownTidyTests testPreservesTableAlignment]' passed (0.000 seconds).
Test Case '-[OuroMDTests.MarkdownTidyTests testRestoresBlankLineAfterFrontMatter]' started.
Test Case '-[OuroMDTests.MarkdownTidyTests testRestoresBlankLineAfterFrontMatter]' passed (0.000 seconds).
Test Case '-[OuroMDTests.MarkdownTidyTests testRoundTripperReadsExistingInput]' started.
Test Case '-[OuroMDTests.MarkdownTidyTests testRoundTripperReadsExistingInput]' passed (0.351 seconds).
Test Case '-[OuroMDTests.MarkdownTidyTests testRoundTripperRejectsMissingInput]' started.
Test Case '-[OuroMDTests.MarkdownTidyTests testRoundTripperRejectsMissingInput]' passed (0.040 seconds).
Test Case '-[OuroMDTests.MarkdownTidyTests testRoundTripProbePreservesOriginalWhenOnlyKnownEditorNormalizationChanged]' started.
Test Case '-[OuroMDTests.MarkdownTidyTests testRoundTripProbePreservesOriginalWhenOnlyKnownEditorNormalizationChanged]' passed (0.000 seconds).
Test Case '-[OuroMDTests.MarkdownTidyTests testRoundTripProbeReturnsTidiedOutputWhenContentChanged]' started.
Test Case '-[OuroMDTests.MarkdownTidyTests testRoundTripProbeReturnsTidiedOutputWhenContentChanged]' passed (0.000 seconds).
Test Case '-[OuroMDTests.MarkdownTidyTests testSeparatorRequiresBothBoundingPipes]' started.
Test Case '-[OuroMDTests.MarkdownTidyTests testSeparatorRequiresBothBoundingPipes]' passed (0.000 seconds).
Test Case '-[OuroMDTests.MarkdownTidyTests testTidyIsIdempotent]' started.
Test Case '-[OuroMDTests.MarkdownTidyTests testTidyIsIdempotent]' passed (0.000 seconds).
Test Case '-[OuroMDTests.MarkdownTidyTests testUnclosedFrontMatterFenceLeftUnchanged]' started.
Test Case '-[OuroMDTests.MarkdownTidyTests testUnclosedFrontMatterFenceLeftUnchanged]' passed (0.000 seconds).
Test Suite 'MarkdownTidyTests' passed at 2026-08-24 21:53:30.104.
	 Executed 25 tests, with 0 failures (0 unexpected) in 0.395 (0.398) seconds
Test Suite 'OuroMDAppStoreApplyPlanTests' started at 2026-08-24 21:53:30.104.
Test Case '-[OuroMDTests.OuroMDAppStoreApplyPlanTests testApplyExecutorCapturesReviewDetailIdFromFetchResponse]' started.
Test Case '-[OuroMDTests.OuroMDAppStoreApplyPlanTests testApplyExecutorCapturesReviewDetailIdFromFetchResponse]' passed (1.197 seconds).
Test Case '-[OuroMDTests.OuroMDAppStoreApplyPlanTests testApplyExecutorClassifiesRetryableFixtureErrors]' started.
Test Case '-[OuroMDTests.OuroMDAppStoreApplyPlanTests testApplyExecutorClassifiesRetryableFixtureErrors]' passed (0.919 seconds).
Test Case '-[OuroMDTests.OuroMDAppStoreApplyPlanTests testApplyExecutorExecutesFakeTransportAndWritesRedactedArtifacts]' started.
Test Case '-[OuroMDTests.OuroMDAppStoreApplyPlanTests testApplyExecutorExecutesFakeTransportAndWritesRedactedArtifacts]' passed (1.004 seconds).
Test Case '-[OuroMDTests.OuroMDAppStoreApplyPlanTests testApplyExecutorRejectsBlockedDryRunPlans]' started.
Test Case '-[OuroMDTests.OuroMDAppStoreApplyPlanTests testApplyExecutorRejectsBlockedDryRunPlans]' passed (0.674 seconds).
Test Case '-[OuroMDTests.OuroMDAppStoreApplyPlanTests testApplyExecutorRejectsScreenshotBytesChangedAfterDryRun]' started.
Test Case '-[OuroMDTests.OuroMDAppStoreApplyPlanTests testApplyExecutorRejectsScreenshotBytesChangedAfterDryRun]' passed (0.823 seconds).
Test Case '-[OuroMDTests.OuroMDAppStoreApplyPlanTests testApplyExecutorRequiresExplicitApplyMode]' started.
Test Case '-[OuroMDTests.OuroMDAppStoreApplyPlanTests testApplyExecutorRequiresExplicitApplyMode]' passed (0.866 seconds).
Test Case '-[OuroMDTests.OuroMDAppStoreApplyPlanTests testLiveApplyAllowsRetargetedRejectedIdsWhenOwnedByPreflight]' started.
Test Case '-[OuroMDTests.OuroMDAppStoreApplyPlanTests testLiveApplyAllowsRetargetedRejectedIdsWhenOwnedByPreflight]' passed (1.327 seconds).
Test Case '-[OuroMDTests.OuroMDAppStoreApplyPlanTests testLiveApplyRejectsLaterStagesWithoutUnit7cResolvedStateBeforeNetwork]' started.
Test Case '-[OuroMDTests.OuroMDAppStoreApplyPlanTests testLiveApplyRejectsLaterStagesWithoutUnit7cResolvedStateBeforeNetwork]' passed (0.873 seconds).
Test Case '-[OuroMDTests.OuroMDAppStoreApplyPlanTests testLiveApplyRejectsMismatchedUploadedBuildPreflightBeforeNetwork]' started.
Test Case '-[OuroMDTests.OuroMDAppStoreApplyPlanTests testLiveApplyRejectsMismatchedUploadedBuildPreflightBeforeNetwork]' passed (1.067 seconds).
Test Case '-[OuroMDTests.OuroMDAppStoreApplyPlanTests testLiveApplyRejectsStalePersistedStateBeforeNetwork]' started.
Test Case '-[OuroMDTests.OuroMDAppStoreApplyPlanTests testLiveApplyRejectsStalePersistedStateBeforeNetwork]' passed (1.245 seconds).
Test Case '-[OuroMDTests.OuroMDAppStoreApplyPlanTests testLiveApplyRejectsUnownedPersistedStateBeforeNetwork]' started.
Test Case '-[OuroMDTests.OuroMDAppStoreApplyPlanTests testLiveApplyRejectsUnownedPersistedStateBeforeNetwork]' passed (0.908 seconds).
Test Case '-[OuroMDTests.OuroMDAppStoreApplyPlanTests testLiveApplyRequiresStageAndExactStatePreflight]' started.
Test Case '-[OuroMDTests.OuroMDAppStoreApplyPlanTests testLiveApplyRequiresStageAndExactStatePreflight]' passed (0.880 seconds).
Test Case '-[OuroMDTests.OuroMDAppStoreApplyPlanTests testLiveFinalSubmitRequiresOldRejectionThreadReplyHandlingBeforeNetwork]' started.
Test Case '-[OuroMDTests.OuroMDAppStoreApplyPlanTests testLiveFinalSubmitRequiresOldRejectionThreadReplyHandlingBeforeNetwork]' passed (0.976 seconds).
Test Suite 'OuroMDAppStoreApplyPlanTests' passed at 2026-08-24 21:53:42.864.
	 Executed 13 tests, with 0 failures (0 unexpected) in 12.757 (12.759) seconds
Test Suite 'OuroMDAppStorePackageReadinessTests' started at 2026-08-24 21:53:42.864.
Test Case '-[OuroMDTests.OuroMDAppStorePackageReadinessTests testArtifactFlagRequiresReadinessMode]' started.
Test Case '-[OuroMDTests.OuroMDAppStorePackageReadinessTests testArtifactFlagRequiresReadinessMode]' passed (0.580 seconds).
Test Case '-[OuroMDTests.OuroMDAppStorePackageReadinessTests testPackageReadinessWritesStructuredNonSecretArtifact]' started.
Test Case '-[OuroMDTests.OuroMDAppStorePackageReadinessTests testPackageReadinessWritesStructuredNonSecretArtifact]' passed (3.364 seconds).
Test Case '-[OuroMDTests.OuroMDAppStorePackageReadinessTests testReadinessDoesNotEchoSecretShapedArtifactPath]' started.
Test Case '-[OuroMDTests.OuroMDAppStorePackageReadinessTests testReadinessDoesNotEchoSecretShapedArtifactPath]' passed (2.823 seconds).
Test Case '-[OuroMDTests.OuroMDAppStorePackageReadinessTests testReadinessSecretScanRedactsCredentialShapedFilenames]' started.
Test Case '-[OuroMDTests.OuroMDAppStorePackageReadinessTests testReadinessSecretScanRedactsCredentialShapedFilenames]' passed (1.959 seconds).
Test Suite 'OuroMDAppStorePackageReadinessTests' passed at 2026-08-24 21:53:51.590.
	 Executed 4 tests, with 0 failures (0 unexpected) in 8.725 (8.726) seconds
Test Suite 'OuroMDAppStoreRequestPlanTests' started at 2026-08-24 21:53:51.590.
Test Case '-[OuroMDTests.OuroMDAppStoreRequestPlanTests testDryRunPlanBuildsExactTargetVersionRequestGraph]' started.
Test Case '-[OuroMDTests.OuroMDAppStoreRequestPlanTests testDryRunPlanBuildsExactTargetVersionRequestGraph]' passed (0.201 seconds).
Test Case '-[OuroMDTests.OuroMDAppStoreRequestPlanTests testDryRunPlanDoesNotSubmitWhenManifestOnlyHasRemoteScreenshotProof]' started.
Test Case '-[OuroMDTests.OuroMDAppStoreRequestPlanTests testDryRunPlanDoesNotSubmitWhenManifestOnlyHasRemoteScreenshotProof]' passed (0.397 seconds).
Test Case '-[OuroMDTests.OuroMDAppStoreRequestPlanTests testDryRunPlanIncludesMacScreenshotReservationUploadAndCommitSteps]' started.
Test Case '-[OuroMDTests.OuroMDAppStoreRequestPlanTests testDryRunPlanIncludesMacScreenshotReservationUploadAndCommitSteps]' passed (0.200 seconds).
Test Case '-[OuroMDTests.OuroMDAppStoreRequestPlanTests testDryRunPlanIncludesSubmitOnlyAfterRequiredLocalScreenshots]' started.
Test Case '-[OuroMDTests.OuroMDAppStoreRequestPlanTests testDryRunPlanIncludesSubmitOnlyAfterRequiredLocalScreenshots]' passed (0.627 seconds).
Test Case '-[OuroMDTests.OuroMDAppStoreRequestPlanTests testDryRunPlanOutputAndErrorsAreRedacted]' started.
Test Case '-[OuroMDTests.OuroMDAppStoreRequestPlanTests testDryRunPlanOutputAndErrorsAreRedacted]' passed (0.075 seconds).
Test Case '-[OuroMDTests.OuroMDAppStoreRequestPlanTests testDryRunPlanRecordsExistingRejectionThreadStrategyWithoutMutatingStaleSubmission]' started.
Test Case '-[OuroMDTests.OuroMDAppStoreRequestPlanTests testDryRunPlanRecordsExistingRejectionThreadStrategyWithoutMutatingStaleSubmission]' passed (0.152 seconds).
Test Case '-[OuroMDTests.OuroMDAppStoreRequestPlanTests testDryRunPlanRejectsExplicitGeneratedResourceIds]' started.
Test Case '-[OuroMDTests.OuroMDAppStoreRequestPlanTests testDryRunPlanRejectsExplicitGeneratedResourceIds]' passed (0.781 seconds).
Test Case '-[OuroMDTests.OuroMDAppStoreRequestPlanTests testDryRunPlanRejectsMissingReleaseHighlights]' started.
Test Case '-[OuroMDTests.OuroMDAppStoreRequestPlanTests testDryRunPlanRejectsMissingReleaseHighlights]' passed (0.364 seconds).
Test Case '-[OuroMDTests.OuroMDAppStoreRequestPlanTests testDryRunPlanRejectsStaleRejectedIdsForTargetGraph]' started.
Test Case '-[OuroMDTests.OuroMDAppStoreRequestPlanTests testDryRunPlanRejectsStaleRejectedIdsForTargetGraph]' passed (0.136 seconds).
Test Case '-[OuroMDTests.OuroMDAppStoreRequestPlanTests testDryRunPlanRejectsUnexpectedBundleInManifest]' started.
Test Case '-[OuroMDTests.OuroMDAppStoreRequestPlanTests testDryRunPlanRejectsUnexpectedBundleInManifest]' passed (0.443 seconds).
Test Case '-[OuroMDTests.OuroMDAppStoreRequestPlanTests testDryRunPlanRejectsUnknownArguments]' started.
Test Case '-[OuroMDTests.OuroMDAppStoreRequestPlanTests testDryRunPlanRejectsUnknownArguments]' passed (0.248 seconds).
Test Case '-[OuroMDTests.OuroMDAppStoreRequestPlanTests testDryRunPlanReusesExistingAppInfoLocalizationWhenProvided]' started.
Test Case '-[OuroMDTests.OuroMDAppStoreRequestPlanTests testDryRunPlanReusesExistingAppInfoLocalizationWhenProvided]' passed (0.205 seconds).
Test Case '-[OuroMDTests.OuroMDAppStoreRequestPlanTests testDryRunPlanUsesLocalScreenshotInputsAndIgnoresRemoteProofUris]' started.
Test Case '-[OuroMDTests.OuroMDAppStoreRequestPlanTests testDryRunPlanUsesLocalScreenshotInputsAndIgnoresRemoteProofUris]' passed (0.366 seconds).
Test Case '-[OuroMDTests.OuroMDAppStoreRequestPlanTests testDryRunPlanWritesTextArtifactWhenRequested]' started.
Test Case '-[OuroMDTests.OuroMDAppStoreRequestPlanTests testDryRunPlanWritesTextArtifactWhenRequested]' passed (0.336 seconds).
Test Suite 'OuroMDAppStoreRequestPlanTests' passed at 2026-08-24 21:53:56.124.
	 Executed 14 tests, with 0 failures (0 unexpected) in 4.532 (4.534) seconds
Test Suite 'OuroMDAppStoreScreenshotTests' started at 2026-08-24 21:53:56.124.
Test Case '-[OuroMDTests.OuroMDAppStoreScreenshotTests testAppStoreManifestDeclaresFourLocalReviewScreenshots]' started.
Test Case '-[OuroMDTests.OuroMDAppStoreScreenshotTests testAppStoreManifestDeclaresFourLocalReviewScreenshots]' passed (0.198 seconds).
Test Case '-[OuroMDTests.OuroMDAppStoreScreenshotTests testScreenshotCheckerSelftestCoversRemoteOnlyManifest]' started.
Test Case '-[OuroMDTests.OuroMDAppStoreScreenshotTests testScreenshotCheckerSelftestCoversRemoteOnlyManifest]' passed (0.133 seconds).
Test Suite 'OuroMDAppStoreScreenshotTests' passed at 2026-08-24 21:53:56.456.
	 Executed 2 tests, with 0 failures (0 unexpected) in 0.331 (0.332) seconds
Test Suite 'OuroMDAppStoreStatusTests' started at 2026-08-24 21:53:56.456.
Test Case '-[OuroMDTests.OuroMDAppStoreStatusTests testLiveStatusRequiresExplicitVersionIdsOrRejectedAuditFlag]' started.
Test Case '-[OuroMDTests.OuroMDAppStoreStatusTests testLiveStatusRequiresExplicitVersionIdsOrRejectedAuditFlag]' passed (0.228 seconds).
Test Case '-[OuroMDTests.OuroMDAppStoreStatusTests testRejectedAuditDefaultsAreExplicitInJsonAndText]' started.
Test Case '-[OuroMDTests.OuroMDAppStoreStatusTests testRejectedAuditDefaultsAreExplicitInJsonAndText]' passed (0.340 seconds).
Test Case '-[OuroMDTests.OuroMDAppStoreStatusTests testStatusReaderFailsWhenRequiredLiveFieldsAreMissing]' started.
Test Case '-[OuroMDTests.OuroMDAppStoreStatusTests testStatusReaderFailsWhenRequiredLiveFieldsAreMissing]' passed (0.288 seconds).
Test Case '-[OuroMDTests.OuroMDAppStoreStatusTests testStatusReaderMatchesReviewItemByAppStoreVersionRelationship]' started.
Test Case '-[OuroMDTests.OuroMDAppStoreStatusTests testStatusReaderMatchesReviewItemByAppStoreVersionRelationship]' passed (0.176 seconds).
Test Case '-[OuroMDTests.OuroMDAppStoreStatusTests testStatusReaderRedactsMultilinePrivateKeysFromErrors]' started.
Test Case '-[OuroMDTests.OuroMDAppStoreStatusTests testStatusReaderRedactsMultilinePrivateKeysFromErrors]' passed (0.199 seconds).
Test Case '-[OuroMDTests.OuroMDAppStoreStatusTests testStatusReaderRejectsReviewItemWithoutVersionRelationship]' started.
Test Case '-[OuroMDTests.OuroMDAppStoreStatusTests testStatusReaderRejectsReviewItemWithoutVersionRelationship]' passed (0.186 seconds).
Test Case '-[OuroMDTests.OuroMDAppStoreStatusTests testStatusReaderRejectsUnexpectedBundleId]' started.
Test Case '-[OuroMDTests.OuroMDAppStoreStatusTests testStatusReaderRejectsUnexpectedBundleId]' passed (0.156 seconds).
Test Case '-[OuroMDTests.OuroMDAppStoreStatusTests testStatusReaderRejectsUnknownArguments]' started.
Test Case '-[OuroMDTests.OuroMDAppStoreStatusTests testStatusReaderRejectsUnknownArguments]' passed (0.173 seconds).
Test Case '-[OuroMDTests.OuroMDAppStoreStatusTests testStatusReaderRequiresCompleteScreenshotDeliveryState]' started.
Test Case '-[OuroMDTests.OuroMDAppStoreStatusTests testStatusReaderRequiresCompleteScreenshotDeliveryState]' passed (0.241 seconds).
Test Case '-[OuroMDTests.OuroMDAppStoreStatusTests testStatusReaderRequiresDesktopScreenshotSet]' started.
Test Case '-[OuroMDTests.OuroMDAppStoreStatusTests testStatusReaderRequiresDesktopScreenshotSet]' passed (0.192 seconds).
Test Case '-[OuroMDTests.OuroMDAppStoreStatusTests testStatusReaderRequiresScreenshotDeliveryState]' started.
Test Case '-[OuroMDTests.OuroMDAppStoreStatusTests testStatusReaderRequiresScreenshotDeliveryState]' passed (0.156 seconds).
Test Case '-[OuroMDTests.OuroMDAppStoreStatusTests testStatusReaderSelftestNormalizesAndRedactsAppStoreConnectState]' started.
Test Case '-[OuroMDTests.OuroMDAppStoreStatusTests testStatusReaderSelftestNormalizesAndRedactsAppStoreConnectState]' passed (0.162 seconds).
Test Case '-[OuroMDTests.OuroMDAppStoreStatusTests testStatusReaderTextSummaryIsCompactAndRedacted]' started.
Test Case '-[OuroMDTests.OuroMDAppStoreStatusTests testStatusReaderTextSummaryIsCompactAndRedacted]' passed (0.169 seconds).
Test Case '-[OuroMDTests.OuroMDAppStoreStatusTests testStatusReaderWritesJsonArtifactWhenRequested]' started.
Test Case '-[OuroMDTests.OuroMDAppStoreStatusTests testStatusReaderWritesJsonArtifactWhenRequested]' passed (0.459 seconds).
Test Suite 'OuroMDAppStoreStatusTests' passed at 2026-08-24 21:53:59.583.
	 Executed 14 tests, with 0 failures (0 unexpected) in 3.125 (3.127) seconds
Test Suite 'OuroMDDistributionTests' started at 2026-08-24 21:53:59.583.
Test Case '-[OuroMDTests.OuroMDDistributionTests testAppStoreDisablesDirectUpdates]' started.
Test Case '-[OuroMDTests.OuroMDDistributionTests testAppStoreDisablesDirectUpdates]' passed (0.001 seconds).
Test Case '-[OuroMDTests.OuroMDDistributionTests testAppStoreManifestCarriesDistinctReviewMetadata]' started.
Test Case '-[OuroMDTests.OuroMDDistributionTests testAppStoreManifestCarriesDistinctReviewMetadata]' passed (0.001 seconds).
Test Case '-[OuroMDTests.OuroMDDistributionTests testDefaultsToDeveloperIDDirectUpdates]' started.
Test Case '-[OuroMDTests.OuroMDDistributionTests testDefaultsToDeveloperIDDirectUpdates]' passed (0.000 seconds).
Test Case '-[OuroMDTests.OuroMDDistributionTests testLocalBuildsAllowDirectUpdates]' started.
Test Case '-[OuroMDTests.OuroMDDistributionTests testLocalBuildsAllowDirectUpdates]' passed (0.000 seconds).
Test Suite 'OuroMDDistributionTests' passed at 2026-08-24 21:53:59.586.
	 Executed 4 tests, with 0 failures (0 unexpected) in 0.002 (0.003) seconds
Test Suite 'OuroMDPositioningTests' started at 2026-08-24 21:53:59.586.
Test Case '-[OuroMDTests.OuroMDPositioningTests testReleaseHighlightsCarryReviewFacingDifferentiators]' started.
Test Case '-[OuroMDTests.OuroMDPositioningTests testReleaseHighlightsCarryReviewFacingDifferentiators]' passed (0.000 seconds).
Test Case '-[OuroMDTests.OuroMDPositioningTests testReleaseHighlightsDoNotExposeInternalReviewRemediationLanguage]' started.
Test Case '-[OuroMDTests.OuroMDPositioningTests testReleaseHighlightsDoNotExposeInternalReviewRemediationLanguage]' passed (0.000 seconds).
Test Case '-[OuroMDTests.OuroMDPositioningTests testShellAboutSubtitleUsesLocalWorkspacePositioning]' started.
Test Case '-[OuroMDTests.OuroMDPositioningTests testShellAboutSubtitleUsesLocalWorkspacePositioning]' passed (0.001 seconds).
Test Case '-[OuroMDTests.OuroMDPositioningTests testWelcomeCopyExplainsLocalWorkspaceWorkflow]' started.
Test Case '-[OuroMDTests.OuroMDPositioningTests testWelcomeCopyExplainsLocalWorkspaceWorkflow]' passed (0.000 seconds).
Test Case '-[OuroMDTests.OuroMDPositioningTests testWelcomeVisualFixtureMatchesSourceWelcomeCopy]' started.
Test Case '-[OuroMDTests.OuroMDPositioningTests testWelcomeVisualFixtureMatchesSourceWelcomeCopy]' passed (0.001 seconds).
Test Suite 'OuroMDPositioningTests' passed at 2026-08-24 21:53:59.589.
	 Executed 5 tests, with 0 failures (0 unexpected) in 0.002 (0.003) seconds
Test Suite 'OuroMDShellContractTests' started at 2026-08-24 21:53:59.589.
Test Case '-[OuroMDTests.OuroMDShellContractTests testAppStoreShellContractUsesStoreOwnedUpdateSemantics]' started.
Test Case '-[OuroMDTests.OuroMDShellContractTests testAppStoreShellContractUsesStoreOwnedUpdateSemantics]' passed (0.001 seconds).
Test Case '-[OuroMDTests.OuroMDShellContractTests testShellCommandManifestPinsPublicSurfaceSemantics]' started.
Test Case '-[OuroMDTests.OuroMDShellContractTests testShellCommandManifestPinsPublicSurfaceSemantics]' passed (0.001 seconds).
Test Case '-[OuroMDTests.OuroMDShellContractTests testShellContractDocumentsUtilityWindowsAndSettingsEntryPoint]' started.
Test Case '-[OuroMDTests.OuroMDShellContractTests testShellContractDocumentsUtilityWindowsAndSettingsEntryPoint]' passed (0.001 seconds).
Test Case '-[OuroMDTests.OuroMDShellContractTests testShellContractIsValidAndDeclaresSharedSurfaces]' started.
Test Case '-[OuroMDTests.OuroMDShellContractTests testShellContractIsValidAndDeclaresSharedSurfaces]' passed (0.002 seconds).
Test Case '-[OuroMDTests.OuroMDShellContractTests testShellContractMatchesRuntimeIdentityReleaseAndShortcutSurfaces]' started.
Test Case '-[OuroMDTests.OuroMDShellContractTests testShellContractMatchesRuntimeIdentityReleaseAndShortcutSurfaces]' passed (0.002 seconds).
Test Suite 'OuroMDShellContractTests' passed at 2026-08-24 21:53:59.597.
	 Executed 5 tests, with 0 failures (0 unexpected) in 0.007 (0.008) seconds
Test Suite 'OuroMDTelemetryTests' started at 2026-08-24 21:53:59.597.
Test Case '-[OuroMDTests.OuroMDTelemetryTests testCaptureCanUseDefaultClockWithInjectedSender]' started.
Test Case '-[OuroMDTests.OuroMDTelemetryTests testCaptureCanUseDefaultClockWithInjectedSender]' passed (0.005 seconds).
Test Case '-[OuroMDTests.OuroMDTelemetryTests testCaptureReusesExistingDistinctID]' started.
Test Case '-[OuroMDTests.OuroMDTelemetryTests testCaptureReusesExistingDistinctID]' passed (0.002 seconds).
Test Case '-[OuroMDTests.OuroMDTelemetryTests testCaptureSendsAnonymousPostHogPayload]' started.
Test Case '-[OuroMDTests.OuroMDTelemetryTests testCaptureSendsAnonymousPostHogPayload]' passed (0.002 seconds).
Test Case '-[OuroMDTests.OuroMDTelemetryTests testConfigurationIgnoresAmbientPostHogKeyEnvironmentAndSupportsDisableFlag]' started.
Test Case '-[OuroMDTests.OuroMDTelemetryTests testConfigurationIgnoresAmbientPostHogKeyEnvironmentAndSupportsDisableFlag]' passed (0.451 seconds).
Test Case '-[OuroMDTests.OuroMDTelemetryTests testConfigurationIgnoresStoredPostHogDefaults]' started.
Test Case '-[OuroMDTests.OuroMDTelemetryTests testConfigurationIgnoresStoredPostHogDefaults]' passed (0.003 seconds).
Test Case '-[OuroMDTests.OuroMDTelemetryTests testConfigurationLoadsEmbeddedPostHogBundleValues]' started.
Test Case '-[OuroMDTests.OuroMDTelemetryTests testConfigurationLoadsEmbeddedPostHogBundleValues]' passed (0.576 seconds).
Test Case '-[OuroMDTests.OuroMDTelemetryTests testConfigurationRejectsInvalidEmbeddedHost]' started.
Test Case '-[OuroMDTests.OuroMDTelemetryTests testConfigurationRejectsInvalidEmbeddedHost]' passed (0.581 seconds).
Test Case '-[OuroMDTests.OuroMDTelemetryTests testOptOutSuppressesCaptureAndPersists]' started.
Test Case '-[OuroMDTests.OuroMDTelemetryTests testOptOutSuppressesCaptureAndPersists]' passed (0.003 seconds).
Test Case '-[OuroMDTests.OuroMDTelemetryTests testUnconfiguredTelemetryIsDisabled]' started.
Test Case '-[OuroMDTests.OuroMDTelemetryTests testUnconfiguredTelemetryIsDisabled]' passed (0.001 seconds).
Test Suite 'OuroMDTelemetryTests' passed at 2026-08-24 21:54:01.223.
	 Executed 9 tests, with 0 failures (0 unexpected) in 1.625 (1.627) seconds
Test Suite 'OuroMDUpdateCoordinatorTests' started at 2026-08-24 21:54:01.223.
Test Case '-[OuroMDTests.OuroMDUpdateCoordinatorTests testApplyStagedUpdateOnQuitOnlyWhenEnabledAndNotManualInstall]' started.
Test Case '-[OuroMDTests.OuroMDUpdateCoordinatorTests testApplyStagedUpdateOnQuitOnlyWhenEnabledAndNotManualInstall]' passed (0.022 seconds).
Test Case '-[OuroMDTests.OuroMDUpdateCoordinatorTests testAppShellUpdateActionsExposeReviewButKeepDirectInstallBehindOuroMDPrompt]' started.
Test Case '-[OuroMDTests.OuroMDUpdateCoordinatorTests testAppShellUpdateActionsExposeReviewButKeepDirectInstallBehindOuroMDPrompt]' passed (0.004 seconds).
Test Case '-[OuroMDTests.OuroMDUpdateCoordinatorTests testAutoUpdateCheckIsDefaultOnThrottledAndOncePerSession]' started.
Test Case '-[OuroMDTests.OuroMDUpdateCoordinatorTests testAutoUpdateCheckIsDefaultOnThrottledAndOncePerSession]' passed (0.002 seconds).
Test Case '-[OuroMDTests.OuroMDUpdateCoordinatorTests testAutoUpdateCheckSkipsWhenDisabled]' started.
Test Case '-[OuroMDTests.OuroMDUpdateCoordinatorTests testAutoUpdateCheckSkipsWhenDisabled]' passed (0.002 seconds).
Test Case '-[OuroMDTests.OuroMDUpdateCoordinatorTests testAutoUpdateDefaultsToEnabledAndPersistsOptOut]' started.
Test Case '-[OuroMDTests.OuroMDUpdateCoordinatorTests testAutoUpdateDefaultsToEnabledAndPersistsOptOut]' passed (0.002 seconds).
Test Case '-[OuroMDTests.OuroMDUpdateCoordinatorTests testAutoUpdateStagesInstallableUpdateInBackground]' started.
Test Case '-[OuroMDTests.OuroMDUpdateCoordinatorTests testAutoUpdateStagesInstallableUpdateInBackground]' passed (0.002 seconds).
Test Case '-[OuroMDTests.OuroMDUpdateCoordinatorTests testBadgeAndPromptUseCheckedReleaseWhenNoUpdateIsStaged]' started.
Test Case '-[OuroMDTests.OuroMDUpdateCoordinatorTests testBadgeAndPromptUseCheckedReleaseWhenNoUpdateIsStaged]' passed (0.001 seconds).
Test Case '-[OuroMDTests.OuroMDUpdateCoordinatorTests testCancelPendingManualInstallPreventsLaterApply]' started.
Test Case '-[OuroMDTests.OuroMDUpdateCoordinatorTests testCancelPendingManualInstallPreventsLaterApply]' passed (0.002 seconds).
Test Case '-[OuroMDTests.OuroMDUpdateCoordinatorTests testCheckedReleaseStateTakesPrecedenceOverLaunchInstalledState]' started.
Test Case '-[OuroMDTests.OuroMDUpdateCoordinatorTests testCheckedReleaseStateTakesPrecedenceOverLaunchInstalledState]' passed (0.003 seconds).
Test Case '-[OuroMDTests.OuroMDUpdateCoordinatorTests testDismissingNonInstallablePromptDoesNotEmitDeferredTelemetry]' started.
Test Case '-[OuroMDTests.OuroMDUpdateCoordinatorTests testDismissingNonInstallablePromptDoesNotEmitDeferredTelemetry]' passed (0.001 seconds).
Test Case '-[OuroMDTests.OuroMDUpdateCoordinatorTests testFailedStartedManualInstallCanRetryWithoutAnotherCheck]' started.
Test Case '-[OuroMDTests.OuroMDUpdateCoordinatorTests testFailedStartedManualInstallCanRetryWithoutAnotherCheck]' passed (0.027 seconds).
Test Case '-[OuroMDTests.OuroMDUpdateCoordinatorTests testLaunchVersionMemorySurfacesPostUpdateConfirmationOnceVersionChanges]' started.
Test Case '-[OuroMDTests.OuroMDUpdateCoordinatorTests testLaunchVersionMemorySurfacesPostUpdateConfirmationOnceVersionChanges]' passed (0.003 seconds).
Test Case '-[OuroMDTests.OuroMDUpdateCoordinatorTests testManualCheckAwaitsInFlightLaunchCheckBeforePrompting]' started.
Test Case '-[OuroMDTests.OuroMDUpdateCoordinatorTests testManualCheckAwaitsInFlightLaunchCheckBeforePrompting]' passed (0.003 seconds).
Test Case '-[OuroMDTests.OuroMDUpdateCoordinatorTests testManualCheckClearsPendingStageWhenReleaseIsNoLongerInstallable]' started.
Test Case '-[OuroMDTests.OuroMDUpdateCoordinatorTests testManualCheckClearsPendingStageWhenReleaseIsNoLongerInstallable]' passed (0.002 seconds).
Test Case '-[OuroMDTests.OuroMDUpdateCoordinatorTests testManualCheckPromptsInstallableCurrentAndUnavailableStates]' started.
Test Case '-[OuroMDTests.OuroMDUpdateCoordinatorTests testManualCheckPromptsInstallableCurrentAndUnavailableStates]' passed (0.001 seconds).
Test Case '-[OuroMDTests.OuroMDUpdateCoordinatorTests testManualCheckReportsMissingInstallableAssets]' started.
Test Case '-[OuroMDTests.OuroMDUpdateCoordinatorTests testManualCheckReportsMissingInstallableAssets]' passed (0.001 seconds).
Test Case '-[OuroMDTests.OuroMDUpdateCoordinatorTests testManualInstallExposesProgressWhileStageIsRunning]' started.
Test Case '-[OuroMDTests.OuroMDUpdateCoordinatorTests testManualInstallExposesProgressWhileStageIsRunning]' passed (0.001 seconds).
Test Case '-[OuroMDTests.OuroMDUpdateCoordinatorTests testManualInstallFailureSetsFailedPromptForAppObserver]' started.
Test Case '-[OuroMDTests.OuroMDUpdateCoordinatorTests testManualInstallFailureSetsFailedPromptForAppObserver]' passed (0.001 seconds).
Test Case '-[OuroMDTests.OuroMDUpdateCoordinatorTests testManualInstallOfPendingStageIsIdempotent]' started.
Test Case '-[OuroMDTests.OuroMDUpdateCoordinatorTests testManualInstallOfPendingStageIsIdempotent]' passed (0.002 seconds).
Test Case '-[OuroMDTests.OuroMDUpdateCoordinatorTests testManualInstallReportsPlannerFailure]' started.
Test Case '-[OuroMDTests.OuroMDUpdateCoordinatorTests testManualInstallReportsPlannerFailure]' passed (0.001 seconds).
Test Case '-[OuroMDTests.OuroMDUpdateCoordinatorTests testManualInstallReportsStagingProgressBeforeApplying]' started.
Test Case '-[OuroMDTests.OuroMDUpdateCoordinatorTests testManualInstallReportsStagingProgressBeforeApplying]' passed (0.001 seconds).
Test Case '-[OuroMDTests.OuroMDUpdateCoordinatorTests testManualInstallRequiresPriorCheck]' started.
Test Case '-[OuroMDTests.OuroMDUpdateCoordinatorTests testManualInstallRequiresPriorCheck]' passed (0.001 seconds).
Test Case '-[OuroMDTests.OuroMDUpdateCoordinatorTests testManualInstallRestagesWhenCheckedReleaseIsNewerThanPendingStage]' started.
Test Case '-[OuroMDTests.OuroMDUpdateCoordinatorTests testManualInstallRestagesWhenCheckedReleaseIsNewerThanPendingStage]' passed (0.002 seconds).
Test Case '-[OuroMDTests.OuroMDUpdateCoordinatorTests testManualInstallUsesAlreadyStagedUpdateAndSuppressesQuitApply]' started.
Test Case '-[OuroMDTests.OuroMDUpdateCoordinatorTests testManualInstallUsesAlreadyStagedUpdateAndSuppressesQuitApply]' passed (0.002 seconds).
Test Case '-[OuroMDTests.OuroMDUpdateCoordinatorTests testManualUpdateFailureTelemetryDoesNotLeakRawErrorDetails]' started.
Test Case '-[OuroMDTests.OuroMDUpdateCoordinatorTests testManualUpdateFailureTelemetryDoesNotLeakRawErrorDetails]' passed (0.001 seconds).
Test Case '-[OuroMDTests.OuroMDUpdateCoordinatorTests testManualUpdateFlowCapturesTelemetryWithoutRawErrorDetails]' started.
Test Case '-[OuroMDTests.OuroMDUpdateCoordinatorTests testManualUpdateFlowCapturesTelemetryWithoutRawErrorDetails]' passed (0.001 seconds).
Test Case '-[OuroMDTests.OuroMDUpdateCoordinatorTests testPromptDisplayHelpersAreUserFacing]' started.
Test Case '-[OuroMDTests.OuroMDUpdateCoordinatorTests testPromptDisplayHelpersAreUserFacing]' passed (0.001 seconds).
Test Case '-[OuroMDTests.OuroMDUpdateCoordinatorTests testPromptFallsBackToStagedVersionWhenLatestSnapshotIsNotInstallable]' started.
Test Case '-[OuroMDTests.OuroMDUpdateCoordinatorTests testPromptFallsBackToStagedVersionWhenLatestSnapshotIsNotInstallable]' passed (0.002 seconds).
Test Case '-[OuroMDTests.OuroMDUpdateCoordinatorTests testPromptPresentationBindingDismissesPrompt]' started.
Test Case '-[OuroMDTests.OuroMDUpdateCoordinatorTests testPromptPresentationBindingDismissesPrompt]' passed (0.001 seconds).
Test Case '-[OuroMDTests.OuroMDUpdateCoordinatorTests testReleaseMetadataFormatsPublishedDateAndNotesPreview]' started.
Test Case '-[OuroMDTests.OuroMDUpdateCoordinatorTests testReleaseMetadataFormatsPublishedDateAndNotesPreview]' passed (0.002 seconds).
Test Case '-[OuroMDTests.OuroMDUpdateCoordinatorTests testReleaseStatusLineCoversUncheckedCheckingCurrentAvailableAndUnavailableStates]' started.
Test Case '-[OuroMDTests.OuroMDUpdateCoordinatorTests testReleaseStatusLineCoversUncheckedCheckingCurrentAvailableAndUnavailableStates]' passed (0.001 seconds).
Test Case '-[OuroMDTests.OuroMDUpdateCoordinatorTests testStartedManualInstallCanCancelInFlightStageAndRetry]' started.
Test Case '-[OuroMDTests.OuroMDUpdateCoordinatorTests testStartedManualInstallCanCancelInFlightStageAndRetry]' passed (0.016 seconds).
Test Suite 'OuroMDUpdateCoordinatorTests' passed at 2026-08-24 21:54:01.340.
	 Executed 32 tests, with 0 failures (0 unexpected) in 0.113 (0.117) seconds
Test Suite 'OuroMDUpdateInstallerTests' started at 2026-08-24 21:54:01.340.
Test Case '-[OuroMDTests.OuroMDUpdateInstallerTests testApplyScriptDoesNotDeleteBackupBeforeDestinationShapeIsProven]' started.
Test Case '-[OuroMDTests.OuroMDUpdateInstallerTests testApplyScriptDoesNotDeleteBackupBeforeDestinationShapeIsProven]' passed (0.000 seconds).
Test Case '-[OuroMDTests.OuroMDUpdateInstallerTests testApplyScriptFailsFastAroundBackupInstallAndRollback]' started.
Test Case '-[OuroMDTests.OuroMDUpdateInstallerTests testApplyScriptFailsFastAroundBackupInstallAndRollback]' passed (0.000 seconds).
Test Case '-[OuroMDTests.OuroMDUpdateInstallerTests testApplyScriptRestoresBackupWhenReplacementIsNotAnAppBundle]' started.
Test Case '-[OuroMDTests.OuroMDUpdateInstallerTests testApplyScriptRestoresBackupWhenReplacementIsNotAnAppBundle]' passed (1.819 seconds).
Test Case '-[OuroMDTests.OuroMDUpdateInstallerTests testApplyScriptRestoresStaleBackupBeforeTryingNewInstall]' started.
ditto: Cannot get the real path for source '/var/folders/nh/3z0zcc3j0xs16ys7lkh3x80c0000gp/T/ouro-apply-stale-backup-85388C8C-004C-40A3-9A75-09A70E7BE15B/missing-staged/Ouro MD.app'
Test Case '-[OuroMDTests.OuroMDUpdateInstallerTests testApplyScriptRestoresStaleBackupBeforeTryingNewInstall]' passed (0.967 seconds).
Test Case '-[OuroMDTests.OuroMDUpdateInstallerTests testApplyScriptRunsInTemporaryDirectoryWithoutNestingUpdatedApp]' started.
Test Case '-[OuroMDTests.OuroMDUpdateInstallerTests testApplyScriptRunsInTemporaryDirectoryWithoutNestingUpdatedApp]' passed (2.923 seconds).
Test Case '-[OuroMDTests.OuroMDUpdateInstallerTests testInstallErrorDescriptionsAreUserReadable]' started.
Test Case '-[OuroMDTests.OuroMDUpdateInstallerTests testInstallErrorDescriptionsAreUserReadable]' passed (0.000 seconds).
Test Case '-[OuroMDTests.OuroMDUpdateInstallerTests testOneLineInstallerRollbackDoesNotSwallowRestoreFailure]' started.
Test Case '-[OuroMDTests.OuroMDUpdateInstallerTests testOneLineInstallerRollbackDoesNotSwallowRestoreFailure]' passed (0.112 seconds).
Test Case '-[OuroMDTests.OuroMDUpdateInstallerTests testStagePreservesInstallerErrorFromDataLoader]' started.
Test Case '-[OuroMDTests.OuroMDUpdateInstallerTests testStagePreservesInstallerErrorFromDataLoader]' passed (0.353 seconds).
Test Case '-[OuroMDTests.OuroMDUpdateInstallerTests testStageSucceedsAfterManifestArchiveExtractedBundleAndCodesignVerify]' started.
Test Case '-[OuroMDTests.OuroMDUpdateInstallerTests testStageSucceedsAfterManifestArchiveExtractedBundleAndCodesignVerify]' passed (0.701 seconds).
Test Case '-[OuroMDTests.OuroMDUpdateInstallerTests testStageThrowsOnArchiveNameMismatch]' started.
Test Case '-[OuroMDTests.OuroMDUpdateInstallerTests testStageThrowsOnArchiveNameMismatch]' passed (0.511 seconds).
Test Case '-[OuroMDTests.OuroMDUpdateInstallerTests testStageThrowsOnBundleIdentifierMismatch]' started.
Test Case '-[OuroMDTests.OuroMDUpdateInstallerTests testStageThrowsOnBundleIdentifierMismatch]' passed (0.626 seconds).
Test Case '-[OuroMDTests.OuroMDUpdateInstallerTests testStageThrowsOnByteCountMismatch]' started.
Test Case '-[OuroMDTests.OuroMDUpdateInstallerTests testStageThrowsOnByteCountMismatch]' passed (0.752 seconds).
Test Case '-[OuroMDTests.OuroMDUpdateInstallerTests testStageThrowsOnCodesignFailure]' started.
Test Case '-[OuroMDTests.OuroMDUpdateInstallerTests testStageThrowsOnCodesignFailure]' passed (1.528 seconds).
Test Case '-[OuroMDTests.OuroMDUpdateInstallerTests testStageThrowsOnManifestDecodeFailure]' started.
Test Case '-[OuroMDTests.OuroMDUpdateInstallerTests testStageThrowsOnManifestDecodeFailure]' passed (0.405 seconds).
Test Case '-[OuroMDTests.OuroMDUpdateInstallerTests testStageThrowsOnMissingStagedApp]' started.
Test Case '-[OuroMDTests.OuroMDUpdateInstallerTests testStageThrowsOnMissingStagedApp]' passed (0.568 seconds).
Test Case '-[OuroMDTests.OuroMDUpdateInstallerTests testStageThrowsOnNonNewerVersion]' started.
Test Case '-[OuroMDTests.OuroMDUpdateInstallerTests testStageThrowsOnNonNewerVersion]' passed (0.540 seconds).
Test Case '-[OuroMDTests.OuroMDUpdateInstallerTests testStageThrowsOnSHAMismatch]' started.
Test Case '-[OuroMDTests.OuroMDUpdateInstallerTests testStageThrowsOnSHAMismatch]' passed (0.514 seconds).
Test Case '-[OuroMDTests.OuroMDUpdateInstallerTests testStageThrowsOnStagedBundleIdentifierMismatch]' started.
Test Case '-[OuroMDTests.OuroMDUpdateInstallerTests testStageThrowsOnStagedBundleIdentifierMismatch]' passed (1.364 seconds).
Test Case '-[OuroMDTests.OuroMDUpdateInstallerTests testStageThrowsOnStagedVersionMismatch]' started.
Test Case '-[OuroMDTests.OuroMDUpdateInstallerTests testStageThrowsOnStagedVersionMismatch]' passed (1.438 seconds).
Test Case '-[OuroMDTests.OuroMDUpdateInstallerTests testStageThrowsOnUnzipFailureWithExitStatusFallback]' started.
Test Case '-[OuroMDTests.OuroMDUpdateInstallerTests testStageThrowsOnUnzipFailureWithExitStatusFallback]' passed (0.691 seconds).
Test Case '-[OuroMDTests.OuroMDUpdateInstallerTests testStageWrapsGenericDataLoaderFailureAsDownloadError]' started.
Test Case '-[OuroMDTests.OuroMDUpdateInstallerTests testStageWrapsGenericDataLoaderFailureAsDownloadError]' passed (0.283 seconds).
Test Suite 'OuroMDUpdateInstallerTests' passed at 2026-08-24 21:54:17.441.
	 Executed 21 tests, with 0 failures (0 unexpected) in 16.097 (16.101) seconds
Test Suite 'OuroMDUpdateTests' started at 2026-08-24 21:54:17.441.
Test Case '-[OuroMDTests.OuroMDUpdateTests testPlannerAcceptsOuroMDReleaseAssets]' started.
Test Case '-[OuroMDTests.OuroMDUpdateTests testPlannerAcceptsOuroMDReleaseAssets]' passed (0.000 seconds).
Test Case '-[OuroMDTests.OuroMDUpdateTests testPlannerRequiresHTTPSReleaseAssets]' started.
Test Case '-[OuroMDTests.OuroMDUpdateTests testPlannerRequiresHTTPSReleaseAssets]' passed (0.000 seconds).
Test Case '-[OuroMDTests.OuroMDUpdateTests testVerificationAcceptsNewerOuroMDManifest]' started.
Test Case '-[OuroMDTests.OuroMDUpdateTests testVerificationAcceptsNewerOuroMDManifest]' passed (0.000 seconds).
Test Case '-[OuroMDTests.OuroMDUpdateTests testVerificationIgnoresBuildIdentityForOuroMDReleases]' started.
Test Case '-[OuroMDTests.OuroMDUpdateTests testVerificationIgnoresBuildIdentityForOuroMDReleases]' passed (0.000 seconds).
Test Suite 'OuroMDUpdateTests' passed at 2026-08-24 21:54:17.442.
	 Executed 4 tests, with 0 failures (0 unexpected) in 0.001 (0.001) seconds
Test Suite 'OutlineTreeTests' started at 2026-08-24 21:54:17.442.
Test Case '-[OuroMDTests.OutlineTreeTests testHandlesLeadingDeepHeading]' started.
Test Case '-[OuroMDTests.OutlineTreeTests testHandlesLeadingDeepHeading]' passed (0.000 seconds).
Test Case '-[OuroMDTests.OutlineTreeTests testNestsByLevel]' started.
Test Case '-[OuroMDTests.OutlineTreeTests testNestsByLevel]' passed (0.000 seconds).
Test Suite 'OutlineTreeTests' passed at 2026-08-24 21:54:17.443.
	 Executed 2 tests, with 0 failures (0 unexpected) in 0.000 (0.001) seconds
Test Suite 'ReleaseUpdateTests' started at 2026-08-24 21:54:17.443.
Test Case '-[OuroMDTests.ReleaseUpdateTests testCheckerConstructionUsesOuroMDConfiguration]' started.
Test Case '-[OuroMDTests.ReleaseUpdateTests testCheckerConstructionUsesOuroMDConfiguration]' passed (0.000 seconds).
Test Case '-[OuroMDTests.ReleaseUpdateTests testCustomConfigurationFlowsIntoShellConfiguration]' started.
Test Case '-[OuroMDTests.ReleaseUpdateTests testCustomConfigurationFlowsIntoShellConfiguration]' passed (0.000 seconds).
Test Case '-[OuroMDTests.ReleaseUpdateTests testDefaultConfigurationTargetsStableOuroMDGitHubReleases]' started.
Test Case '-[OuroMDTests.ReleaseUpdateTests testDefaultConfigurationTargetsStableOuroMDGitHubReleases]' passed (0.000 seconds).
Test Case '-[OuroMDTests.ReleaseUpdateTests testReleaseDescriptorMatchesCurrentDistribution]' started.
Test Case '-[OuroMDTests.ReleaseUpdateTests testReleaseDescriptorMatchesCurrentDistribution]' passed (0.000 seconds).
Test Suite 'ReleaseUpdateTests' passed at 2026-08-24 21:54:17.444.
	 Executed 4 tests, with 0 failures (0 unexpected) in 0.001 (0.001) seconds
Test Suite 'RoundTripTests' started at 2026-08-24 21:54:17.444.
Test Case '-[OuroMDTests.RoundTripTests testStrictRawRoundTripRejectsCanonicalUnicodeNormalization]' started.
Test Case '-[OuroMDTests.RoundTripTests testStrictRawRoundTripRejectsCanonicalUnicodeNormalization]' passed (0.000 seconds).
Test Case '-[OuroMDTests.RoundTripTests testStrictRawRoundTripRejectsDroppedUTF8BOM]' started.
Test Case '-[OuroMDTests.RoundTripTests testStrictRawRoundTripRejectsDroppedUTF8BOM]' passed (0.000 seconds).
Test Case '-[OuroMDTests.RoundTripTests testStrictRawRoundTripRequiresBothEditorValuesToMatchOriginalBytes]' started.
Test Case '-[OuroMDTests.RoundTripTests testStrictRawRoundTripRequiresBothEditorValuesToMatchOriginalBytes]' passed (0.000 seconds).
Test Suite 'RoundTripTests' passed at 2026-08-24 21:54:17.445.
	 Executed 3 tests, with 0 failures (0 unexpected) in 0.001 (0.001) seconds
Test Suite 'TableLayoutPolicyTests' started at 2026-08-24 21:54:17.445.
Test Case '-[OuroMDTests.TableLayoutPolicyTests testEditorThemeLeftAlignsTablesAndCapsThemAtTheColumn]' started.
Test Case '-[OuroMDTests.TableLayoutPolicyTests testEditorThemeLeftAlignsTablesAndCapsThemAtTheColumn]' passed (0.005 seconds).
Test Case '-[OuroMDTests.TableLayoutPolicyTests testStandaloneThemeLeftAlignsTablesAndCapsThemAtTheColumn]' started.
Test Case '-[OuroMDTests.TableLayoutPolicyTests testStandaloneThemeLeftAlignsTablesAndCapsThemAtTheColumn]' passed (0.002 seconds).
Test Suite 'TableLayoutPolicyTests' passed at 2026-08-24 21:54:17.451.
	 Executed 2 tests, with 0 failures (0 unexpected) in 0.007 (0.007) seconds
Test Suite 'TerminationSaveCoordinatorTests' started at 2026-08-24 21:54:17.452.
Test Case '-[OuroMDTests.TerminationSaveCoordinatorTests testDefaultCancelHandlerIsSafeWhenSaveFails]' started.
Test Case '-[OuroMDTests.TerminationSaveCoordinatorTests testDefaultCancelHandlerIsSafeWhenSaveFails]' passed (0.001 seconds).
Test Case '-[OuroMDTests.TerminationSaveCoordinatorTests testRepliesFalseAndCancelsWhenAnySaveFails]' started.
Test Case '-[OuroMDTests.TerminationSaveCoordinatorTests testRepliesFalseAndCancelsWhenAnySaveFails]' passed (0.000 seconds).
Test Case '-[OuroMDTests.TerminationSaveCoordinatorTests testRepliesTrueImmediatelyWhenNothingIsDirty]' started.
Test Case '-[OuroMDTests.TerminationSaveCoordinatorTests testRepliesTrueImmediatelyWhenNothingIsDirty]' passed (0.000 seconds).
Test Case '-[OuroMDTests.TerminationSaveCoordinatorTests testRepliesTrueOnlyAfterAllSavesSucceed]' started.
Test Case '-[OuroMDTests.TerminationSaveCoordinatorTests testRepliesTrueOnlyAfterAllSavesSucceed]' passed (0.000 seconds).
Test Case '-[OuroMDTests.TerminationSaveCoordinatorTests testSaveFailureCancelsPendingManualUpdateBeforeQuitReply]' started.
Test Case '-[OuroMDTests.TerminationSaveCoordinatorTests testSaveFailureCancelsPendingManualUpdateBeforeQuitReply]' passed (0.003 seconds).
Test Case '-[OuroMDTests.TerminationSaveCoordinatorTests testTimeoutCancelsInsteadOfForcingQuit]' started.
Test Case '-[OuroMDTests.TerminationSaveCoordinatorTests testTimeoutCancelsInsteadOfForcingQuit]' passed (0.014 seconds).
Test Suite 'TerminationSaveCoordinatorTests' passed at 2026-08-24 21:54:17.471.
	 Executed 6 tests, with 0 failures (0 unexpected) in 0.019 (0.019) seconds
Test Suite 'ThemeAccessibilityTests' started at 2026-08-24 21:54:17.471.
Test Case '-[OuroMDTests.ThemeAccessibilityTests testBuiltInThemesMeetContrastForDocumentTextLinksAndSecondaryText]' started.
Test Case '-[OuroMDTests.ThemeAccessibilityTests testBuiltInThemesMeetContrastForDocumentTextLinksAndSecondaryText]' passed (0.001 seconds).
Test Case '-[OuroMDTests.ThemeAccessibilityTests testEditorThemesApplyAccessibleAccentToInlineAndReferenceLinks]' started.
Test Case '-[OuroMDTests.ThemeAccessibilityTests testEditorThemesApplyAccessibleAccentToInlineAndReferenceLinks]' passed (0.004 seconds).
Test Case '-[OuroMDTests.ThemeAccessibilityTests testEditorThemesRespectReducedMotionForFocusMode]' started.
Test Case '-[OuroMDTests.ThemeAccessibilityTests testEditorThemesRespectReducedMotionForFocusMode]' passed (0.002 seconds).
Test Suite 'ThemeAccessibilityTests' passed at 2026-08-24 21:54:17.478.
	 Executed 3 tests, with 0 failures (0 unexpected) in 0.007 (0.007) seconds
Test Suite 'UndoRedoRoutingTests' started at 2026-08-24 21:54:17.479.
Test Case '-[OuroMDTests.UndoRedoRoutingTests testClearRecentDocumentsUsesInjectedHandler]' started.
Test Case '-[OuroMDTests.UndoRedoRoutingTests testClearRecentDocumentsUsesInjectedHandler]' passed (0.000 seconds).
Test Case '-[OuroMDTests.UndoRedoRoutingTests testCommandPaletteMenuUsesStandardSearchableActionShortcut]' started.
Test Case '-[OuroMDTests.UndoRedoRoutingTests testCommandPaletteMenuUsesStandardSearchableActionShortcut]' passed (0.002 seconds).
Test Case '-[OuroMDTests.UndoRedoRoutingTests testCommandYRedoUsesEditorFallbackWhenFocusIsInWebEditor]' started.
Test Case '-[OuroMDTests.UndoRedoRoutingTests testCommandYRedoUsesEditorFallbackWhenFocusIsInWebEditor]' passed (0.000 seconds).
Test Case '-[OuroMDTests.UndoRedoRoutingTests testFileMenuSurfacesDocumentTruthCommands]' started.
Test Case '-[OuroMDTests.UndoRedoRoutingTests testFileMenuSurfacesDocumentTruthCommands]' passed (0.001 seconds).
Test Case '-[OuroMDTests.UndoRedoRoutingTests testHelpMenuSurfacesKeyboardShortcutsReference]' started.
Test Case '-[OuroMDTests.UndoRedoRoutingTests testHelpMenuSurfacesKeyboardShortcutsReference]' passed (0.001 seconds).
Test Case '-[OuroMDTests.UndoRedoRoutingTests testHelpMenuSurfacesVersionAndUpdateCommands]' started.
Test Case '-[OuroMDTests.UndoRedoRoutingTests testHelpMenuSurfacesVersionAndUpdateCommands]' passed (0.001 seconds).
Test Case '-[OuroMDTests.UndoRedoRoutingTests testMenuValidationChecksRecentItemsAndDefaults]' started.
Test Case '-[OuroMDTests.UndoRedoRoutingTests testMenuValidationChecksRecentItemsAndDefaults]' passed (0.001 seconds).
Test Case '-[OuroMDTests.UndoRedoRoutingTests testMenuValidationDisablesEditorOnlyCommandsWithoutAWindow]' started.
Test Case '-[OuroMDTests.UndoRedoRoutingTests testMenuValidationDisablesEditorOnlyCommandsWithoutAWindow]' passed (0.000 seconds).
Test Case '-[OuroMDTests.UndoRedoRoutingTests testMenuValidationEnablesDocumentTruthCommandsFromCurrentDocumentState]' started.
Test Case '-[OuroMDTests.UndoRedoRoutingTests testMenuValidationEnablesDocumentTruthCommandsFromCurrentDocumentState]' passed (1.104 seconds).
Test Case '-[OuroMDTests.UndoRedoRoutingTests testMenuValidationKeepsGlobalCommandsEnabledWithoutAWindow]' started.
Test Case '-[OuroMDTests.UndoRedoRoutingTests testMenuValidationKeepsGlobalCommandsEnabledWithoutAWindow]' passed (0.000 seconds).
Test Case '-[OuroMDTests.UndoRedoRoutingTests testRecentMenuDelegateShowsEmptyStateFromInjectedProvider]' started.
Test Case '-[OuroMDTests.UndoRedoRoutingTests testRecentMenuDelegateShowsEmptyStateFromInjectedProvider]' passed (0.000 seconds).
Test Case '-[OuroMDTests.UndoRedoRoutingTests testRecentMenuDelegateUsesInjectedRecentProvider]' started.
Test Case '-[OuroMDTests.UndoRedoRoutingTests testRecentMenuDelegateUsesInjectedRecentProvider]' passed (0.000 seconds).
Test Case '-[OuroMDTests.UndoRedoRoutingTests testRedoDoesNotFallThroughWhenNativeTextViewHasEmptyStack]' started.
Test Case '-[OuroMDTests.UndoRedoRoutingTests testRedoDoesNotFallThroughWhenNativeTextViewHasEmptyStack]' passed (0.000 seconds).
Test Case '-[OuroMDTests.UndoRedoRoutingTests testShortcutMonitorHandlesNSApplicationSendEventBeforeMenuDispatch]' started.
Test Case '-[OuroMDTests.UndoRedoRoutingTests testShortcutMonitorHandlesNSApplicationSendEventBeforeMenuDispatch]' passed (0.008 seconds).
Test Case '-[OuroMDTests.UndoRedoRoutingTests testShortcutParserRecognizesMacUndoRedoKeystrokes]' started.
Test Case '-[OuroMDTests.UndoRedoRoutingTests testShortcutParserRecognizesMacUndoRedoKeystrokes]' passed (0.000 seconds).
Test Case '-[OuroMDTests.UndoRedoRoutingTests testShortcutParserRejectsModifiedNonUndoRedoKeystrokes]' started.
Test Case '-[OuroMDTests.UndoRedoRoutingTests testShortcutParserRejectsModifiedNonUndoRedoKeystrokes]' passed (0.000 seconds).
Test Case '-[OuroMDTests.UndoRedoRoutingTests testUndoAndRedoFallBackForTextViewsInsideWebView]' started.
Test Case '-[OuroMDTests.UndoRedoRoutingTests testUndoAndRedoFallBackForTextViewsInsideWebView]' passed (0.006 seconds).
Test Case '-[OuroMDTests.UndoRedoRoutingTests testUndoAndRedoFallBackWhenResponderIsNotNativeTextView]' started.
Test Case '-[OuroMDTests.UndoRedoRoutingTests testUndoAndRedoFallBackWhenResponderIsNotNativeTextView]' passed (0.000 seconds).
Test Case '-[OuroMDTests.UndoRedoRoutingTests testUndoAndRedoMenuItemsTargetNativeAppDelegateSelectors]' started.
Test Case '-[OuroMDTests.UndoRedoRoutingTests testUndoAndRedoMenuItemsTargetNativeAppDelegateSelectors]' passed (0.001 seconds).
Test Case '-[OuroMDTests.UndoRedoRoutingTests testUndoAndRedoUseNativeTextViewManagerWhenAvailable]' started.
Test Case '-[OuroMDTests.UndoRedoRoutingTests testUndoAndRedoUseNativeTextViewManagerWhenAvailable]' passed (0.000 seconds).
Test Case '-[OuroMDTests.UndoRedoRoutingTests testUndoDoesNotFallThroughWhenNativeTextViewHasEmptyStack]' started.
Test Case '-[OuroMDTests.UndoRedoRoutingTests testUndoDoesNotFallThroughWhenNativeTextViewHasEmptyStack]' passed (0.000 seconds).
Test Case '-[OuroMDTests.UndoRedoRoutingTests testViewSearchMenuTargetsSidebarSearch]' started.
Test Case '-[OuroMDTests.UndoRedoRoutingTests testViewSearchMenuTargetsSidebarSearch]' passed (0.001 seconds).
Test Suite 'UndoRedoRoutingTests' passed at 2026-08-24 21:54:18.609.
	 Executed 22 tests, with 0 failures (0 unexpected) in 1.128 (1.130) seconds
Test Suite 'ouro-mdPackageTests.xctest' passed at 2026-08-24 21:54:18.609.
	 Executed 354 tests, with 0 failures (0 unexpected) in 148.851 (148.898) seconds
Test Suite 'All tests' passed at 2026-08-24 21:54:18.609.
	 Executed 354 tests, with 0 failures (0 unexpected) in 148.851 (148.900) seconds
◇ Test run started.
↳ Testing Library Version: 1902
↳ Target Platform: arm64e-apple-macos14.0
✔ Test run with 0 tests in 0 suites passed after 0.001 seconds.

==> slowest XCTest cases (top 15)
 13.423s  passed  -[OuroMDTests.FolderBrowserTests testLargeWorkspaceBudgetSkipsOversizedHiddenAndSymlinkedFiles]
  7.704s  passed  -[OuroMDAppSupportTests.DocumentTruthTests testRealGitClassifiesNestedTrackedModifiedFile]
  6.976s  passed  -[OuroMDTests.FolderBrowserTests testDeepTreeReportsTruncationAtDepthCap]
  3.374s  passed  -[OuroMDTests.FolderBrowserTests testUnusualNamesDuplicateBasenamesAndSymlinkedMarkdownAreHandled]
  3.364s  passed  -[OuroMDTests.OuroMDAppStorePackageReadinessTests testPackageReadinessWritesStructuredNonSecretArtifact]
  2.923s  passed  -[OuroMDTests.OuroMDUpdateInstallerTests testApplyScriptRunsInTemporaryDirectoryWithoutNestingUpdatedApp]
  2.823s  passed  -[OuroMDTests.OuroMDAppStorePackageReadinessTests testReadinessDoesNotEchoSecretShapedArtifactPath]
  2.740s  passed  -[OuroMDTests.FolderBrowserTests testOpenFolderPopulatesModelAndFilter]
  2.625s  passed  -[OuroMDTests.FolderBrowserTests testNameSortIsNatural]
  2.466s  passed  -[OuroMDTests.FolderBrowserTests testFolderSortLabelsAndDateSorts]
  2.365s  passed  -[OuroMDTests.FolderBrowserTests testSymlinkCycleDoesNotCrashOrRecurse]
  2.171s  passed  -[OuroMDTests.ContentSearcherTests testSearchCanBeCancelledBeforeCompletion]
  2.159s  passed  -[OuroMDTests.FolderBrowserTests testFlatListIncludesOnlyOpenableFiles]
  2.150s  passed  -[OuroMDTests.MarkdownRendererTests testImageSourcesAreEscapedOrInlined]
  2.012s  passed  -[OuroMDTests.FolderBrowserTests testReadsNonUTF8File]
==> exporting coverage summary

   file                                         lines    regions (branch)
-------------------------------------------------------------------------
   CommandPaletteCatalog.swift          106/106   100%      17/17    100%
   DocumentLink.swift                    57/57    100%      33/33    100%
   DocumentTruth.swift                  170/170   100%      82/82    100%
   HTMLDocument.swift                    37/37    100%      11/11    100%
   HeadingAnchor.swift                   43/43    100%      26/26    100%
   MarkdownTidy.swift                    87/87    100%      59/59    100%
-------------------------------------------------------------------------

PASS: pure Ouro MD support targets are 100% line + region (branch-equivalent) covered.
==> ouro-md --undotest
PASS multi-step undo/redo: edit=ONE TWOAlpha line.\n undo1=ONEAlpha line.\n undo2=Alpha line.\n redo1=ONEAlpha line.\n redo2=ONE TWOAlpha line.\n
==> ouro-md --wraptest
type " over selection: hello "world"   OK ✓
type ( over selection: hello (world)   OK ✓
paste url over selection: hello [world](https://x.com)   OK ✓
auto-pair ( then x: hello(x)   OK ✓
skip over typed ): ()x   OK ✓
skip over a curly close-quote: a”xb   OK ✓
backspace deletes pair:    OK ✓
==> ouro-md --linktest
linktest script completed: ok   OK ✓
IR external link rendered: found=true   OK ✓
IR local Markdown link rendered: found=true   OK ✓
Command-mousedown forwards external URL: opened=["https://ouro.bot", "mendelow-me-build-corpus.md"]   OK ✓
plain click forwards raw relative Markdown target: opened=["https://ouro.bot", "mendelow-me-build-corpus.md"]   OK ✓
==> ouro-md --wrapgluetest
leading enumerator wrapped in .ouro-nowrap: 3. Instructions   OK ✓
bracketed inline code wrapped in .ouro-nowrap: code in: (`abc123`)   OK ✓
glue does not change the Markdown round-trip: before==after: true   OK ✓
==> ouro-md --renderprobe
heading     : rendered ✓
bold        : rendered ✓
inlineCode  : rendered ✓
codeBlock   : rendered ✓
table       : rendered ✓
taskList    : rendered ✓
math        : rendered ✓
footnote    : rendered ✓
alert       : rendered ✓
mermaid     : rendered ✓
==> ouro-md --mermaidcliptest
mermaid rendered: yes ✓ (6 labels)
max label overflow: 0.0px ✓
==> ouro-md --reloadrendertest
new diagram rendered: yes ✓ (svg=true beta=true)
stale diagram cleared: yes ✓
scroll preserved: yes ✓ (before=150 after=150)
==> ouro-md --darkdiagramtest
[light] nodeFillLuminance=238 fill=rgb(236, 236, 255) found=true
[dark] nodeFillLuminance=32 fill=rgb(31, 32, 32) found=true
diagram re-themed on light→dark switch: yes ✓ (light=238 dark=32)
==> ouro-md --selectionblurtest
selection made:                 ✓
blur to chrome mutes:           ✓
focus return un-mutes:          ✓
focus within editor no flicker: ✓
file switch clears selection:   ✓
==> ouro-md --copyflavortest
default  : ✓  plain[md=true vis=true] html[rendered=true empty=false]
markdown : ✓  plain[md=true vis=true] html[rendered=false empty=true]
plain    : ✓  plain[md=false vis=true] html[rendered=false empty=true]
html     : ✓  plain[md=false vis=true] html[rendered=true empty=false]
==> ouro-md --performanceprobe
large document load: 256.0ms headings=0 tables=0 html=38739 value=33246 ✓
large document edit latency: 91.0ms ✓
large document replace latency: 126.0ms ✓
large document clear latency: 4.0ms ✓
folder search latency: 66.6ms results=107 ✓
resident memory: 70.2MB delta=58.9MB ✓
==> ouro-md --accessibilityaudit
runtime accessibility smoke: ✓
document truth accessibility: ✓
shell rendered accessibility labels: ✓
source accessibility labels: ✓
menu shortcut coverage: ✓
menu shortcut conflicts: ✓
command discoverability catalog: ✓
==> ouro-md --markdownparitytest
renderer parity: ✓
html quartz parity: ✓
html graphite parity: ✓
html manuscript parity: ✓
html newsprint parity: ✓
pdf export parity: ✓ bytes=36266
==> ouro-md --codewraptest
code blocks present: 1 ✓
page horizontal overflow: 0.0px ✓
code blocks clipped by viewport: 0 ✓
code blocks with own horizontal scroll: 1 ✓ (max 1908.0px)
code blocks initially scrolled sideways: 0 ✓
==> visual QA: fallback-quartz
page horizontal overflow: 0.0px ✓
headings: 2, long: 1, escaped: 0 ✓
images: 1, unloaded: 0, escaped: 0 ✓
nested list items: 3 ✓
callouts: 2 ✓
tables: 2, escaped: 0, collapsed cells: 0, imbalanced: 0 ✓
visual QA ok: fallback-quartz
==> visual QA: dogfood-quartz
page horizontal overflow: 0.0px ✓
headings: 2, long: 1, escaped: 0 ✓
images: 1, unloaded: 0, escaped: 0 ✓
nested list items: 5 ✓
callouts: 2 ✓
tables: 2, escaped: 0, collapsed cells: 0, imbalanced: 0 ✓
visual QA ok: dogfood-quartz
==> visual QA: dogfood-graphite
page horizontal overflow: 0.0px ✓
headings: 2, long: 1, escaped: 0 ✓
images: 1, unloaded: 0, escaped: 0 ✓
nested list items: 5 ✓
callouts: 2 ✓
tables: 2, escaped: 0, collapsed cells: 0, imbalanced: 0 ✓
visual QA ok: dogfood-graphite
visual QA ok
==> ouro-md --searchrevealtest
whole-word reveal selection: needle before[
] after[
] in needlex
needle
111
222 ✓
regex reveal selection: 222 in needlex
needle
111
222 matches[111,222] ✓
==> ouro-md --uisurfacetest
preferences fitting size: 560.0x413.0 ✓
about fitting size: 520.0x520.0 ✓
search sidebar fitting size: 208.0x95.0 ✓
editor palette/status fitting size: 400.0x320.0 ✓
native titlebar document truth control: hidden 24.0x24.0 visible 24.0x24.0 ✓
command reference fitting size: 560.0x620.0 ✓
status/palette semantic state: ✓
command discoverability semantic state: ✓
available update controls fitting size: 560.0x130.0 ✓
update progress fitting size: installing 400.0x131.0 failed 400.0x105.0 ✓
installing update review state: ✓
direct shell install suppressed; review prompt available: ✓
invalid regex visible state: ✓
search result row state: ✓
menu topology: ✓
accessibility labels: ✓
==> ouro-md --editorsurfacetest
markdown file drop classification: ok
image paste data-uri insertion: ok
image drop data-uri insertion: ok
web content recovery reload: ok
html exports all themes: ok
print dry-run operation: ok
pdf export probe: ok
==> ouro-md --firstlaunchtest
first launch welcome pixels: 960 nonblank samples
==> ouro-md --tablewraptest
tables present: 8 ✓
page horizontal overflow: 0.0px ✓
tables clipped by viewport: 0 ✓
tables with own horizontal scroll: 7 ✓
clearly-scrollable tables with edge affordance: 7/7 ✓
fitting tables with stray affordance: 0 ✓
tables not flush with text left edge: 0 ✓
tables initially scrolled sideways: 0 ✓
collapsed long cells: 0 ✓
cells with clipped (hidden) code: 0 ✓
collapsed empty cells: 0 ✓
code spilling across cells: 0 ✓
inline elements spilling across cells: 0 ✓
invalid table metrics: 0 ✓
table 01 width 412.0px scroll 709.0px left 0.0px min-long 283.0px min-code 492.5px column-ratio 8.02
table 02 width 412.0px scroll 278.0px left 0.0px min-long 283.0px min-code 405.8px column-ratio 1.43
table 03 width 412.0px scroll 1359.0px left 0.0px min-long 283.0px min-code 1090.7px column-ratio 9.64
table 04 width 412.0px scroll 840.0px left 0.0px min-long 283.0px min-code 475.2px column-ratio 1.74
table 05 width 412.0px scroll 721.0px left 0.0px min-long 283.0px min-code 0.0px column-ratio 1.00
table 06 width 412.0px scroll 825.0px left 0.0px min-long 431.8px min-code 431.8px column-ratio 1.86
table 07 width 412.0px scroll 155.0px left 0.0px min-long 283.0px min-code 0.0px column-ratio 1.00
table 08 width 420.0px scroll 0.0px left 0.0px min-long 327.7px min-code 0.0px column-ratio 3.59
==> ouro-md --tablewraptest --tablewrap-file Tests/Fixtures/dogfood-wide-tables.md
tables present: 16 ✓
pathological categories: alignment,empty,html,huge,long-code,sparse,url ✓
alignment matrix center/right: true/true ✓
huge table metrics present: true ✓
page horizontal overflow: 0.0px ✓
tables clipped by viewport: 0 ✓
tables with own horizontal scroll: 15 ✓
clearly-scrollable tables with edge affordance: 15/15 ✓
fitting tables with stray affordance: 0 ✓
tables not flush with text left edge: 0 ✓
tables initially scrolled sideways: 0 ✓
collapsed long cells: 0 ✓
cells with clipped (hidden) code: 0 ✓
collapsed empty cells: 0 ✓
code spilling across cells: 0 ✓
inline elements spilling across cells: 0 ✓
invalid table metrics: 0 ✓
table 01 width 412.0px scroll 875.0px left 0.0px min-long 283.0px min-code 431.8px column-ratio 8.30
table 02 width 412.0px scroll 1359.0px left 0.0px min-long 283.0px min-code 283.0px column-ratio 9.64
table 03 width 412.0px scroll 526.0px left 0.0px min-long 283.0px min-code 283.0px column-ratio 3.21
table 04 [sparse] width 412.0px scroll 769.0px left 0.0px min-long 283.0px min-code 743.9px column-ratio 11.40
table 05 width 412.0px scroll 1160.0px left 0.0px min-long 283.0px min-code 1203.4px column-ratio 14.26
table 06 width 412.0px scroll 1616.0px left 0.0px min-long 275.8px min-code 275.8px column-ratio 8.05
table 07 width 412.0px scroll 155.0px left 0.0px min-long 283.0px min-code 0.0px column-ratio 1.00
table 08 width 412.0px scroll 200.0px left 0.0px min-long 283.0px min-code 283.0px column-ratio 1.16
table 09 width 412.0px scroll 569.0px left 0.0px min-long 283.0px min-code 605.2px column-ratio 6.61
table 10 [empty] width 412.0px scroll 330.0px left 0.0px min-long 283.0px min-code 0.0px column-ratio 3.64
table 11 [alignment] width 420.0px scroll 0.0px left 0.0px min-long 0.0px min-code 121.9px column-ratio 1.46
table 12 [html] width 412.0px scroll 721.0px left 0.0px min-long 283.0px min-code 283.0px column-ratio 1.00
table 13 [url] width 412.0px scroll 706.0px left 0.0px min-long 283.0px min-code 726.6px column-ratio 6.79
table 14 [sparse] width 412.0px scroll 278.0px left 0.0px min-long 283.0px min-code 283.0px column-ratio 4.22
table 15 [long-code] width 412.0px scroll 1005.0px left 0.0px min-long 283.0px min-code 1021.3px column-ratio 9.16
table 16 [huge] width 412.0px scroll 255.0px left 0.0px min-long 0.0px min-code 0.0px column-ratio 1.00
==> ouro-md --tablewraptest --tablewrap-width 1000 --tablewrap-height 1300 --tablewrap-file Tests/Fixtures/dogfood-wide-tables.md
tables present: 16 ✓
pathological categories: alignment,empty,html,huge,long-code,sparse,url ✓
alignment matrix center/right: true/true ✓
huge table metrics present: true ✓
page horizontal overflow: 0.0px ✓
tables clipped by viewport: 0 ✓
tables with own horizontal scroll: 10 ✓
clearly-scrollable tables with edge affordance: 10/10 ✓
fitting tables with stray affordance: 0 ✓
tables not flush with text left edge: 0 ✓
tables initially scrolled sideways: 0 ✓
collapsed long cells: 0 ✓
cells with clipped (hidden) code: 0 ✓
collapsed empty cells: 0 ✓
code spilling across cells: 0 ✓
inline elements spilling across cells: 0 ✓
invalid table metrics: 0 ✓
table 01 width 792.0px scroll 495.0px left 0.0px min-long 283.0px min-code 431.8px column-ratio 8.30
table 02 width 792.0px scroll 979.0px left 0.0px min-long 283.0px min-code 283.0px column-ratio 9.64
table 03 width 792.0px scroll 146.0px left 0.0px min-long 283.0px min-code 283.0px column-ratio 3.21
table 04 [sparse] width 792.0px scroll 389.0px left 0.0px min-long 283.0px min-code 743.9px column-ratio 11.40
table 05 width 792.0px scroll 780.0px left 0.0px min-long 283.0px min-code 1203.4px column-ratio 14.26
table 06 width 792.0px scroll 1236.0px left 0.0px min-long 275.8px min-code 275.8px column-ratio 8.05
table 07 width 714.0px scroll 0.0px left 0.0px min-long 283.0px min-code 0.0px column-ratio 1.52
table 08 width 800.0px scroll 0.0px left 0.0px min-long 399.5px min-code 399.5px column-ratio 1.00
table 09 width 792.0px scroll 189.0px left 0.0px min-long 283.0px min-code 605.2px column-ratio 6.61
table 10 [empty] width 800.0px scroll 0.0px left 0.0px min-long 283.0px min-code 0.0px column-ratio 4.39
table 11 [alignment] width 529.0px scroll 0.0px left 0.0px min-long 0.0px min-code 155.0px column-ratio 1.52
table 12 [html] width 792.0px scroll 341.0px left 0.0px min-long 283.0px min-code 283.0px column-ratio 1.00
table 13 [url] width 792.0px scroll 326.0px left 0.0px min-long 283.0px min-code 726.6px column-ratio 6.79
table 14 [sparse] width 800.0px scroll 0.0px left 0.0px min-long 355.0px min-code 355.0px column-ratio 4.70
table 15 [long-code] width 792.0px scroll 625.0px left 0.0px min-long 283.0px min-code 1021.3px column-ratio 9.16
table 16 [huge] width 800.0px scroll 0.0px left 0.0px min-long 0.0px min-code 0.0px column-ratio 1.00
==> ouro-md --tablewraptest --tablewrap-width 1400 --tablewrap-height 5000 --tablewrap-file Tests/Fixtures/dogfood-wide-tables.md
tables present: 16 ✓
pathological categories: alignment,empty,html,huge,long-code,sparse,url ✓
alignment matrix center/right: true/true ✓
huge table metrics present: true ✓
page horizontal overflow: 0.0px ✓
tables clipped by viewport: 0 ✓
tables with own horizontal scroll: 9 ✓
clearly-scrollable tables with edge affordance: 9/9 ✓
fitting tables with stray affordance: 0 ✓
tables not flush with text left edge: 0 ✓
tables initially scrolled sideways: 0 ✓
collapsed long cells: 0 ✓
cells with clipped (hidden) code: 0 ✓
collapsed empty cells: 0 ✓
code spilling across cells: 0 ✓
inline elements spilling across cells: 0 ✓
invalid table metrics: 0 ✓
table 01 width 956.0px scroll 331.0px left 0.0px min-long 283.0px min-code 431.8px column-ratio 8.30
table 02 width 956.0px scroll 815.0px left 0.0px min-long 283.0px min-code 283.0px column-ratio 9.64
table 03 width 964.0px scroll 0.0px left 0.0px min-long 283.0px min-code 283.0px column-ratio 3.50
table 04 [sparse] width 956.0px scroll 225.0px left 0.0px min-long 283.0px min-code 743.9px column-ratio 11.40
table 05 width 956.0px scroll 616.0px left 0.0px min-long 283.0px min-code 1203.4px column-ratio 14.26
table 06 width 956.0px scroll 1072.0px left 0.0px min-long 275.8px min-code 275.8px column-ratio 8.05
table 07 width 714.0px scroll 0.0px left 0.0px min-long 283.0px min-code 0.0px column-ratio 1.52
table 08 width 964.0px scroll 0.0px left 0.0px min-long 481.5px min-code 481.5px column-ratio 1.00
table 09 width 956.0px scroll 25.0px left 0.0px min-long 283.0px min-code 605.2px column-ratio 6.61
table 10 [empty] width 964.0px scroll 0.0px left 0.0px min-long 283.0px min-code 0.0px column-ratio 6.35
table 11 [alignment] width 529.0px scroll 0.0px left 0.0px min-long 0.0px min-code 155.0px column-ratio 1.52
table 12 [html] width 956.0px scroll 177.0px left 0.0px min-long 283.0px min-code 283.0px column-ratio 1.00
table 13 [url] width 956.0px scroll 162.0px left 0.0px min-long 283.0px min-code 726.6px column-ratio 6.79
table 14 [sparse] width 964.0px scroll 0.0px left 0.0px min-long 440.5px min-code 440.5px column-ratio 5.71
table 15 [long-code] width 956.0px scroll 461.0px left 0.0px min-long 283.0px min-code 1021.3px column-ratio 9.16
table 16 [huge] width 964.0px scroll 0.0px left 0.0px min-long 0.0px min-code 0.0px column-ratio 1.00
==> ouro-md --linktest --linktest-file Tests/Fixtures/reference-links-and-anchors.md --linktest-mode ir
linktest script completed: ok   OK ✓
IR resolved reference nodes rendered: 16   OK ✓
IR unresolved reference stays source text: 1   OK ✓
IR focused reference markers hidden: 1   OK ✓
IR reference has link affordance: 1   OK ✓
external reference opens on Command-mousedown: opened=["https://example.com/external", "other.md#target-heading", "https://example.com/collapsed", "https://example.com/shortcut", "https://example.com/normalized", "https://example.com/ascii-space", "https://example.com/nbsp"]   OK ✓
local reference opens in app: opened=["https://example.com/external", "other.md#target-heading", "https://example.com/collapsed", "https://example.com/shortcut", "https://example.com/normalized", "https://example.com/ascii-space", "https://example.com/nbsp"]   OK ✓
collapsed reference resolves: opened=["https://example.com/external", "other.md#target-heading", "https://example.com/collapsed", "https://example.com/shortcut", "https://example.com/normalized", "https://example.com/ascii-space", "https://example.com/nbsp"]   OK ✓
shortcut reference resolves: opened=["https://example.com/external", "other.md#target-heading", "https://example.com/collapsed", "https://example.com/shortcut", "https://example.com/normalized", "https://example.com/ascii-space", "https://example.com/nbsp"]   OK ✓
normalized label resolves: opened=["https://example.com/external", "other.md#target-heading", "https://example.com/collapsed", "https://example.com/shortcut", "https://example.com/normalized", "https://example.com/ascii-space", "https://example.com/nbsp"]   OK ✓
ASCII-space label resolves: opened=["https://example.com/external", "other.md#target-heading", "https://example.com/collapsed", "https://example.com/shortcut", "https://example.com/normalized", "https://example.com/ascii-space", "https://example.com/nbsp"]   OK ✓
NBSP label remains distinct: opened=["https://example.com/external", "other.md#target-heading", "https://example.com/collapsed", "https://example.com/shortcut", "https://example.com/normalized", "https://example.com/ascii-space", "https://example.com/nbsp"]   OK ✓
duplicate reference definition uses first destination: projected=["https://example.com/external", "other.md#target-heading", "https://example.com/collapsed", "https://example.com/shortcut", "https://example.com/external", "https://example.com/normalized", "https://example.com/ascii-space", "https://example.com/nbsp", "https://example.com/duplicate-first", "https://example.com/escaped-label", "https://example.com/unicode-fold", "https://example.com/latin-i", "https://example.com/dotless-i", "https://example.com/image-reference", "#target-heading", "https://example.com/external"]   OK ✓
escaped reference label resolves: projected=["https://example.com/external", "other.md#target-heading", "https://example.com/collapsed", "https://example.com/shortcut", "https://example.com/external", "https://example.com/normalized", "https://example.com/ascii-space", "https://example.com/nbsp", "https://example.com/duplicate-first", "https://example.com/escaped-label", "https://example.com/unicode-fold", "https://example.com/latin-i", "https://example.com/dotless-i", "https://example.com/image-reference", "#target-heading", "https://example.com/external"]   OK ✓
Unicode case-folded reference label resolves: projected=["https://example.com/external", "other.md#target-heading", "https://example.com/collapsed", "https://example.com/shortcut", "https://example.com/external", "https://example.com/normalized", "https://example.com/ascii-space", "https://example.com/nbsp", "https://example.com/duplicate-first", "https://example.com/escaped-label", "https://example.com/unicode-fold", "https://example.com/latin-i", "https://example.com/dotless-i", "https://example.com/image-reference", "#target-heading", "https://example.com/external"]   OK ✓
dotless i remains distinct under Unicode case folding: projected=["https://example.com/external", "other.md#target-heading", "https://example.com/collapsed", "https://example.com/shortcut", "https://example.com/external", "https://example.com/normalized", "https://example.com/ascii-space", "https://example.com/nbsp", "https://example.com/duplicate-first", "https://example.com/escaped-label", "https://example.com/unicode-fold", "https://example.com/latin-i", "https://example.com/dotless-i", "https://example.com/image-reference", "#target-heading", "https://example.com/external"]   OK ✓
image-labelled reference resolves: 1   OK ✓
IR fragment scrolls: 1   OK ✓
IR linked heading uses semantic slug: 1   OK ✓
fragment navigation keeps editor URL stable: 1   OK ✓
app export uses shared heading IDs: 1   OK ✓
app export preserves non-heading IDs: 1   OK ✓
app export IDs remain globally unique: 1   OK ✓
footnote collision namespace matches across exports: 1   OK ✓
footnote reservation parser matches standalone export: 1   OK ✓
JavaScript heading slugger matches shared contract: 1   OK ✓
HTML heading scanner preserves raw text and quoted attributes: 1   OK ✓
HTML heading scanner resumes after self-closing SVG script: 1   OK ✓
HTML heading scanner resumes after self-closing SVG style: 1   OK ✓
HTML heading scanner resumes after self-closing SVG title: 1   OK ✓
HTML heading scanner reserves foreign element IDs: 1   OK ✓
HTML heading scanner honors SVG and MathML integration points: 1   OK ✓
HTML heading scanner matches foreign namespaces and malformed attributes: 1   OK ✓
HTML heading scanner tracks integration-point descendants: 1   OK ✓
anchor retries cancel when document content changes: 1   OK ✓
==> ouro-md --linktest --linktest-file Tests/Fixtures/reference-links-and-anchors.md --linktest-mode sv
linktest script completed: ok   OK ✓
SV source remains literal: 1   OK ✓
SV preview resolves reference: 1   OK ✓
SV fragment scrolls: 1   OK ✓
SV footnote anchor remains below sticky toolbar: 1   OK ✓
fragment navigation keeps editor URL stable: 1   OK ✓
app export uses shared heading IDs: 1   OK ✓
app export preserves non-heading IDs: 1   OK ✓
app export IDs remain globally unique: 1   OK ✓
footnote collision namespace matches across exports: 1   OK ✓
footnote reservation parser matches standalone export: 1   OK ✓
JavaScript heading slugger matches shared contract: 1   OK ✓
HTML heading scanner preserves raw text and quoted attributes: 1   OK ✓
HTML heading scanner resumes after self-closing SVG script: 1   OK ✓
HTML heading scanner resumes after self-closing SVG style: 1   OK ✓
HTML heading scanner resumes after self-closing SVG title: 1   OK ✓
HTML heading scanner reserves foreign element IDs: 1   OK ✓
HTML heading scanner honors SVG and MathML integration points: 1   OK ✓
HTML heading scanner matches foreign namespaces and malformed attributes: 1   OK ✓
HTML heading scanner tracks integration-point descendants: 1   OK ✓
anchor retries cancel when document content changes: 1   OK ✓
==> ouro-md --roundtrip Tests/Fixtures/reference-links-roundtrip.md --roundtrip-strict raw --out /tmp/ouro-md-native-scenarios.l9twES/reference-links-roundtrip.md
==> ouro-md --roundtrip /tmp/ouro-md-native-scenarios.l9twES/roundtrip.md --out /tmp/ouro-md-native-scenarios.l9twES/roundtrip-out.md
==> ouro-md selftest
native scenarios ok
PR preflight ok
